batch_id,execution_id,config_id,file_name,file_path,source_type,ingestion_date,status,ingestion_start,ingestion_end,error_message,last_updated_at,records_ingested,triggered_by,comments
BATCH_20260226_050026_66fc48,EXEC_13_20260226_050121_75a2d5,13,00. Calendar Holidays.xlsx,/sites/BelivData/Shared Documents/Supply/10.Calendar/00. Calendar Holidays.xlsx,SharePoint,2026-02-26,success,2026-02-26T05:01:21.513Z,2026-02-26T05:01:26.063Z,,2026-02-26T05:01:26.063Z,0,system,Ingested from SharePoint
BATCH_20260226_050026_66fc48,EXEC_8_20260226_050120_379a0f,8,ScheduledReceiptRequisition PT.xlsx,/sites/BelivData/Shared Documents/Supply/11.ReceiptRequisition/ScheduledReceiptRequisition PT.xlsx,SharePoint,2026-02-26,success,2026-02-26T05:01:20.999Z,2026-02-26T05:01:25.867Z,,2026-02-26T05:01:25.867Z,0,system,Ingested from SharePoint
BATCH_20260226_050026_66fc48,EXEC_14_20260226_050119_97f2fe,14,calendar_by_site.xlsx,/sites/BelivData/Shared Documents/Supply/10.Calendar/calendar_by_site.xlsx,SharePoint,2026-02-26,success,2026-02-26T05:01:19.919Z,2026-02-26T05:01:23.667Z,,2026-02-26T05:01:23.667Z,0,system,Ingested from SharePoint
BATCH_20260226_050026_66fc48,EXEC_9_20260226_050117_72f696,9,Masterplanprocurement.xlsx,/sites/BelivData/Shared Documents/Supply/8.Procurement/Masterplanprocurement.xlsx,SharePoint,2026-02-26,success,2026-02-26T05:01:17.696Z,2026-02-26T05:01:21.689Z,,2026-02-26T05:01:21.689Z,0,system,Ingested from SharePoint
BATCH_20260226_050026_66fc48,EXEC_7_20260226_050114_4ab524,7,sku_producing-plant.xlsx,/sites/BelivData/Shared Documents/Supply/11.ReceiptRequisition/sku_producing-plant.xlsx,SharePoint,2026-02-26,success,2026-02-26T05:01:14.265Z,2026-02-26T05:01:16.638Z,,2026-02-26T05:01:16.638Z,0,system,Ingested from SharePoint
BATCH_20260226_050026_66fc48,EXEC_12_20260226_050106_fdd0a4,12,Initial Inventory - Bill Of Material.xlsx,/sites/BelivData/Shared Documents/Supply/7.BillOfMaterials/Initial Inventory - Bill Of Material.xlsx,SharePoint,2026-02-26,success,2026-02-26T05:01:06.544Z,2026-02-26T05:01:09.038Z,,2026-02-26T05:01:09.038Z,0,system,Ingested from SharePoint
BATCH_20260226_050026_66fc48,EXEC_9_20260226_050039_530490,9,Masterplanprocurement.xlsx,/sites/BelivData/Shared Documents/Supply/8.Procurement/Masterplanprocurement.xlsx,SharePoint,2026-02-26,failed,2026-02-26T05:00:39.517Z,2026-02-26T05:01:00.429Z,"[DELTA_CONCURRENT_APPEND] ConcurrentAppendException: Files were added to the root of the table by a concurrent update. Please try the operation again.
Conflicting commit: {""timestamp"":1772103657415,""userId"":""488932038608523"",""userName"":""nsira@be-liv-externos.com"",""operation"":""UPDATE"",""operationParameters"":{""predicate"":""[\""(execution_id#31336 = EXEC_11_20260226_050039_4cfdfe)\""]""},""readVersion"":20227,""isolationLevel"":""WriteSerializable"",""isBlindAppend"":false,""operationMetrics"":{""numRemovedFiles"":""1"",""numRemovedBytes"":""7790"",""numCopiedRows"":""0"",""numDeletionVectorsAdded"":""0"",""executionTimeMs"":""1578"",""numDeletionVectorsUpdated"":""0"",""scanTimeMs"":""466"",""numAddedFiles"":""1"",""numUpdatedRows"":""1"",""numDeletionVectorsRemoved"":""0"",""numAddedChangeFiles"":""0"",""numAddedBytes"":""7897"",""rewriteTimeMs"":""1111""},""tags"":{""noRowsCopied"":""false"",""delta.rowTracking.preserved"":""false"",""restoresDeletedRows"":""false""},""engineInfo"":""Databricks-Runtime/17.3.x-aarch64-photon-scala2.13"",""txnId"":""9fc62b33-d5e4-476e-9ff8-ed1b5fd21ad1""}
Refer to https://docs.microsoft.com/azure/databricks/delta/concurrency-control for more details.",2026-02-26T05:01:00.429Z,0,system,Ingested from SharePoint
BATCH_20260226_050026_66fc48,EXEC_7_20260226_050042_fdffa3,7,sku_producing-plant.xlsx,/sites/BelivData/Shared Documents/Supply/11.ReceiptRequisition/sku_producing-plant.xlsx,SharePoint,2026-02-26,failed,2026-02-26T05:00:42.390Z,2026-02-26T05:01:00.343Z,"[DELTA_CONCURRENT_APPEND] ConcurrentAppendException: Files were added to the root of the table by a concurrent update. Please try the operation again.
Conflicting commit: {""timestamp"":1772103657415,""userId"":""488932038608523"",""userName"":""nsira@be-liv-externos.com"",""operation"":""UPDATE"",""operationParameters"":{""predicate"":""[\""(execution_id#31336 = EXEC_11_20260226_050039_4cfdfe)\""]""},""readVersion"":20227,""isolationLevel"":""WriteSerializable"",""isBlindAppend"":false,""operationMetrics"":{""numRemovedFiles"":""1"",""numRemovedBytes"":""7790"",""numCopiedRows"":""0"",""numDeletionVectorsAdded"":""0"",""executionTimeMs"":""1578"",""numDeletionVectorsUpdated"":""0"",""scanTimeMs"":""466"",""numAddedFiles"":""1"",""numUpdatedRows"":""1"",""numDeletionVectorsRemoved"":""0"",""numAddedChangeFiles"":""0"",""numAddedBytes"":""7897"",""rewriteTimeMs"":""1111""},""tags"":{""noRowsCopied"":""false"",""delta.rowTracking.preserved"":""false"",""restoresDeletedRows"":""false""},""engineInfo"":""Databricks-Runtime/17.3.x-aarch64-photon-scala2.13"",""txnId"":""9fc62b33-d5e4-476e-9ff8-ed1b5fd21ad1""}
Refer to https://docs.microsoft.com/azure/databricks/delta/concurrency-control for more details.",2026-02-26T05:01:00.343Z,0,system,Ingested from SharePoint
BATCH_20260226_050026_66fc48,EXEC_14_20260226_050039_778a0e,14,calendar_by_site.xlsx,/sites/BelivData/Shared Documents/Supply/10.Calendar/calendar_by_site.xlsx,SharePoint,2026-02-26,failed,2026-02-26T05:00:39.938Z,2026-02-26T05:00:59.327Z,"[DELTA_CONCURRENT_APPEND] ConcurrentAppendException: Files were added to the root of the table by a concurrent update. Please try the operation again.
Conflicting commit: {""timestamp"":1772103657415,""userId"":""488932038608523"",""userName"":""nsira@be-liv-externos.com"",""operation"":""UPDATE"",""operationParameters"":{""predicate"":""[\""(execution_id#31336 = EXEC_11_20260226_050039_4cfdfe)\""]""},""readVersion"":20227,""isolationLevel"":""WriteSerializable"",""isBlindAppend"":false,""operationMetrics"":{""numRemovedFiles"":""1"",""numRemovedBytes"":""7790"",""numCopiedRows"":""0"",""numDeletionVectorsAdded"":""0"",""executionTimeMs"":""1578"",""numDeletionVectorsUpdated"":""0"",""scanTimeMs"":""466"",""numAddedFiles"":""1"",""numUpdatedRows"":""1"",""numDeletionVectorsRemoved"":""0"",""numAddedChangeFiles"":""0"",""numAddedBytes"":""7897"",""rewriteTimeMs"":""1111""},""tags"":{""noRowsCopied"":""false"",""delta.rowTracking.preserved"":""false"",""restoresDeletedRows"":""false""},""engineInfo"":""Databricks-Runtime/17.3.x-aarch64-photon-scala2.13"",""txnId"":""9fc62b33-d5e4-476e-9ff8-ed1b5fd21ad1""}
Refer to https://docs.microsoft.com/azure/databricks/delta/concurrency-control for more details.",2026-02-26T05:00:59.327Z,0,system,Ingested from SharePoint
BATCH_20260226_050026_66fc48,EXEC_12_20260226_050039_71066d,12,Initial Inventory - Bill Of Material.xlsx,/sites/BelivData/Shared Documents/Supply/7.BillOfMaterials/Initial Inventory - Bill Of Material.xlsx,SharePoint,2026-02-26,failed,2026-02-26T05:00:39.805Z,2026-02-26T05:00:58.388Z,"[DELTA_CONCURRENT_APPEND] ConcurrentAppendException: Files were added to the root of the table by a concurrent update. Please try the operation again.
Conflicting commit: {""timestamp"":1772103657415,""userId"":""488932038608523"",""userName"":""nsira@be-liv-externos.com"",""operation"":""UPDATE"",""operationParameters"":{""predicate"":""[\""(execution_id#31336 = EXEC_11_20260226_050039_4cfdfe)\""]""},""readVersion"":20227,""isolationLevel"":""WriteSerializable"",""isBlindAppend"":false,""operationMetrics"":{""numRemovedFiles"":""1"",""numRemovedBytes"":""7790"",""numCopiedRows"":""0"",""numDeletionVectorsAdded"":""0"",""executionTimeMs"":""1578"",""numDeletionVectorsUpdated"":""0"",""scanTimeMs"":""466"",""numAddedFiles"":""1"",""numUpdatedRows"":""1"",""numDeletionVectorsRemoved"":""0"",""numAddedChangeFiles"":""0"",""numAddedBytes"":""7897"",""rewriteTimeMs"":""1111""},""tags"":{""noRowsCopied"":""false"",""delta.rowTracking.preserved"":""false"",""restoresDeletedRows"":""false""},""engineInfo"":""Databricks-Runtime/17.3.x-aarch64-photon-scala2.13"",""txnId"":""9fc62b33-d5e4-476e-9ff8-ed1b5fd21ad1""}
Refer to https://docs.microsoft.com/azure/databricks/delta/concurrency-control for more details.",2026-02-26T05:00:58.388Z,0,system,Ingested from SharePoint
BATCH_20260226_050026_66fc48,EXEC_11_20260226_050039_4cfdfe,11,Inventory Policy.xlsx,/sites/BelivData/Shared Documents/Supply/4.Politicas de Inventario/Inventory Policy.xlsx,SharePoint,2026-02-26,success,2026-02-26T05:00:39.559Z,2026-02-26T05:00:46.081Z,,2026-02-26T05:00:46.081Z,0,system,Ingested from SharePoint
BATCH_20260226_050026_66fc48,EXEC_4_20260226_050039_e33496,4,ID Pricing.xlsx,/sites/BelivData/Shared Documents/Finanzas/1.RGM/ID Pricing.xlsx,SharePoint,2026-02-26,success,2026-02-26T05:00:39.809Z,2026-02-26T05:00:45.290Z,,2026-02-26T05:00:45.290Z,0,system,Ingested from SharePoint
BATCH_20260226_050026_66fc48,EXEC_3_20260226_050039_fcbbe6,3,BelivBillOfMaterial.xlsx,/sites/BelivData/Shared Documents/Supply/7.BillOfMaterials/BelivBillOfMaterial.xlsx,SharePoint,2026-02-26,success,2026-02-26T05:00:39.634Z,2026-02-26T05:00:44.291Z,,2026-02-26T05:00:44.291Z,0,system,Ingested from SharePoint
BATCH_20260226_050026_66fc48,EXEC_13_20260226_050039_1ebc74,13,00. Calendar Holidays.xlsx,/sites/BelivData/Shared Documents/Supply/10.Calendar/00. Calendar Holidays.xlsx,SharePoint,2026-02-26,Running,2026-02-26T05:00:39.668Z,null,,2026-02-26T05:00:39.668Z,0,system,Ingested from SharePoint
BATCH_20260226_050026_66fc48,EXEC_8_20260226_050039_de6060,8,ScheduledReceiptRequisition PT.xlsx,/sites/BelivData/Shared Documents/Supply/11.ReceiptRequisition/ScheduledReceiptRequisition PT.xlsx,SharePoint,2026-02-26,Running,2026-02-26T05:00:39.366Z,null,,2026-02-26T05:00:39.366Z,0,system,Ingested from SharePoint
BATCH_20260226_050026_66fc48,EXEC_10_20260226_050030_7f6d90,10,DATA_COSTOS_TRANSFORMADOS_COMPLETO.xlsx,/sites/BelivData/Shared Documents/Supply/9.Cost/DATA_COSTOS_TRANSFORMADOS_COMPLETO.xlsx,SharePoint,2026-02-26,success,2026-02-26T05:00:30.803Z,2026-02-26T05:00:36.220Z,,2026-02-26T05:00:36.220Z,0,system,Ingested from SharePoint
BATCH_20260225_050047_21578e,EXEC_3_20260225_050154_b16ee2,3,BelivBillOfMaterial.xlsx,/sites/BelivData/Shared Documents/Supply/7.BillOfMaterials/BelivBillOfMaterial.xlsx,SharePoint,2026-02-25,success,2026-02-25T05:01:54.627Z,2026-02-25T05:02:00.358Z,,2026-02-25T05:02:00.358Z,0,system,Ingested from SharePoint
BATCH_20260225_050047_21578e,EXEC_8_20260225_050149_acf55e,8,ScheduledReceiptRequisition PT.xlsx,/sites/BelivData/Shared Documents/Supply/11.ReceiptRequisition/ScheduledReceiptRequisition PT.xlsx,SharePoint,2026-02-25,success,2026-02-25T05:01:49.208Z,2026-02-25T05:01:53.069Z,,2026-02-25T05:01:53.069Z,0,system,Ingested from SharePoint
BATCH_20260225_050047_21578e,EXEC_12_20260225_050148_d93834,12,Initial Inventory - Bill Of Material.xlsx,/sites/BelivData/Shared Documents/Supply/7.BillOfMaterials/Initial Inventory - Bill Of Material.xlsx,SharePoint,2026-02-25,success,2026-02-25T05:01:48.132Z,2026-02-25T05:01:52.286Z,,2026-02-25T05:01:52.286Z,0,system,Ingested from SharePoint
BATCH_20260225_050047_21578e,EXEC_10_20260225_050139_b24e57,10,DATA_COSTOS_TRANSFORMADOS_COMPLETO.xlsx,/sites/BelivData/Shared Documents/Supply/9.Cost/DATA_COSTOS_TRANSFORMADOS_COMPLETO.xlsx,SharePoint,2026-02-25,success,2026-02-25T05:01:39.044Z,2026-02-25T05:01:41.639Z,,2026-02-25T05:01:41.639Z,0,system,Ingested from SharePoint
BATCH_20260225_050047_21578e,EXEC_11_20260225_050131_7862b8,11,Inventory Policy.xlsx,/sites/BelivData/Shared Documents/Supply/4.Politicas de Inventario/Inventory Policy.xlsx,SharePoint,2026-02-25,success,2026-02-25T05:01:31.616Z,2026-02-25T05:01:36.112Z,,2026-02-25T05:01:36.112Z,0,system,Ingested from SharePoint
BATCH_20260225_050047_21578e,EXEC_11_20260225_050102_778c84,11,Inventory Policy.xlsx,/sites/BelivData/Shared Documents/Supply/4.Politicas de Inventario/Inventory Policy.xlsx,SharePoint,2026-02-25,failed,2026-02-25T05:01:02.751Z,2026-02-25T05:01:23.510Z,"[DELTA_CONCURRENT_APPEND] ConcurrentAppendException: Files were added to the root of the table by a concurrent update. Please try the operation again.
Conflicting commit: {""timestamp"":1772017282879,""userId"":""488932038608523"",""userName"":""nsira@be-liv-externos.com"",""operation"":""UPDATE"",""operationParameters"":{""predicate"":""[\""(execution_id#30385 = EXEC_4_20260225_050102_3208a3)\""]""},""readVersion"":20200,""isolationLevel"":""WriteSerializable"",""isBlindAppend"":false,""operationMetrics"":{""numRemovedFiles"":""1"",""numRemovedBytes"":""7643"",""numCopiedRows"":""0"",""numDeletionVectorsAdded"":""0"",""executionTimeMs"":""1881"",""numDeletionVectorsUpdated"":""0"",""scanTimeMs"":""351"",""numAddedFiles"":""1"",""numUpdatedRows"":""1"",""numDeletionVectorsRemoved"":""0"",""numAddedChangeFiles"":""0"",""numAddedBytes"":""7750"",""rewriteTimeMs"":""1530""},""tags"":{""noRowsCopied"":""false"",""delta.rowTracking.preserved"":""false"",""restoresDeletedRows"":""false""},""engineInfo"":""Databricks-Runtime/17.3.x-aarch64-photon-scala2.13"",""txnId"":""9c6dde1f-278e-4f68-9724-78923da5f68b""}
Refer to https://docs.microsoft.com/azure/databricks/delta/concurrency-control for more details.",2026-02-25T05:01:23.510Z,0,system,Ingested from SharePoint
BATCH_20260225_050047_21578e,EXEC_10_20260225_050102_080e86,10,DATA_COSTOS_TRANSFORMADOS_COMPLETO.xlsx,/sites/BelivData/Shared Documents/Supply/9.Cost/DATA_COSTOS_TRANSFORMADOS_COMPLETO.xlsx,SharePoint,2026-02-25,failed,2026-02-25T05:01:02.549Z,2026-02-25T05:01:23.506Z,"[DELTA_CONCURRENT_APPEND] ConcurrentAppendException: Files were added to the root of the table by a concurrent update. Please try the operation again.
Conflicting commit: {""timestamp"":1772017282879,""userId"":""488932038608523"",""userName"":""nsira@be-liv-externos.com"",""operation"":""UPDATE"",""operationParameters"":{""predicate"":""[\""(execution_id#30385 = EXEC_4_20260225_050102_3208a3)\""]""},""readVersion"":20200,""isolationLevel"":""WriteSerializable"",""isBlindAppend"":false,""operationMetrics"":{""numRemovedFiles"":""1"",""numRemovedBytes"":""7643"",""numCopiedRows"":""0"",""numDeletionVectorsAdded"":""0"",""executionTimeMs"":""1881"",""numDeletionVectorsUpdated"":""0"",""scanTimeMs"":""351"",""numAddedFiles"":""1"",""numUpdatedRows"":""1"",""numDeletionVectorsRemoved"":""0"",""numAddedChangeFiles"":""0"",""numAddedBytes"":""7750"",""rewriteTimeMs"":""1530""},""tags"":{""noRowsCopied"":""false"",""delta.rowTracking.preserved"":""false"",""restoresDeletedRows"":""false""},""engineInfo"":""Databricks-Runtime/17.3.x-aarch64-photon-scala2.13"",""txnId"":""9c6dde1f-278e-4f68-9724-78923da5f68b""}
Refer to https://docs.microsoft.com/azure/databricks/delta/concurrency-control for more details.",2026-02-25T05:01:23.506Z,0,system,Ingested from SharePoint
BATCH_20260225_050047_21578e,EXEC_12_20260225_050102_858c22,12,Initial Inventory - Bill Of Material.xlsx,/sites/BelivData/Shared Documents/Supply/7.BillOfMaterials/Initial Inventory - Bill Of Material.xlsx,SharePoint,2026-02-25,failed,2026-02-25T05:01:02.695Z,2026-02-25T05:01:23.505Z,"[DELTA_CONCURRENT_APPEND] ConcurrentAppendException: Files were added to the root of the table by a concurrent update. Please try the operation again.
Conflicting commit: {""timestamp"":1772017282879,""userId"":""488932038608523"",""userName"":""nsira@be-liv-externos.com"",""operation"":""UPDATE"",""operationParameters"":{""predicate"":""[\""(execution_id#30385 = EXEC_4_20260225_050102_3208a3)\""]""},""readVersion"":20200,""isolationLevel"":""WriteSerializable"",""isBlindAppend"":false,""operationMetrics"":{""numRemovedFiles"":""1"",""numRemovedBytes"":""7643"",""numCopiedRows"":""0"",""numDeletionVectorsAdded"":""0"",""executionTimeMs"":""1881"",""numDeletionVectorsUpdated"":""0"",""scanTimeMs"":""351"",""numAddedFiles"":""1"",""numUpdatedRows"":""1"",""numDeletionVectorsRemoved"":""0"",""numAddedChangeFiles"":""0"",""numAddedBytes"":""7750"",""rewriteTimeMs"":""1530""},""tags"":{""noRowsCopied"":""false"",""delta.rowTracking.preserved"":""false"",""restoresDeletedRows"":""false""},""engineInfo"":""Databricks-Runtime/17.3.x-aarch64-photon-scala2.13"",""txnId"":""9c6dde1f-278e-4f68-9724-78923da5f68b""}
Refer to https://docs.microsoft.com/azure/databricks/delta/concurrency-control for more details.",2026-02-25T05:01:23.505Z,0,system,Ingested from SharePoint
BATCH_20260225_050047_21578e,EXEC_7_20260225_050103_04b415,7,sku_producing-plant.xlsx,/sites/BelivData/Shared Documents/Supply/11.ReceiptRequisition/sku_producing-plant.xlsx,SharePoint,2026-02-25,success,2026-02-25T05:01:03.873Z,2026-02-25T05:01:12.477Z,,2026-02-25T05:01:12.477Z,0,system,Ingested from SharePoint
BATCH_20260225_050047_21578e,EXEC_9_20260225_050105_97429c,9,Masterplanprocurement.xlsx,/sites/BelivData/Shared Documents/Supply/8.Procurement/Masterplanprocurement.xlsx,SharePoint,2026-02-25,success,2026-02-25T05:01:05.098Z,2026-02-25T05:01:11.080Z,,2026-02-25T05:01:11.080Z,0,system,Ingested from SharePoint
BATCH_20260225_050047_21578e,EXEC_4_20260225_050102_3208a3,4,ID Pricing.xlsx,/sites/BelivData/Shared Documents/Finanzas/1.RGM/ID Pricing.xlsx,SharePoint,2026-02-25,success,2026-02-25T05:01:02.191Z,2026-02-25T05:01:07.823Z,,2026-02-25T05:01:07.823Z,0,system,Ingested from SharePoint
BATCH_20260225_050047_21578e,EXEC_14_20260225_050101_0b71bf,14,calendar_by_site.xlsx,/sites/BelivData/Shared Documents/Supply/10.Calendar/calendar_by_site.xlsx,SharePoint,2026-02-25,success,2026-02-25T05:01:01.515Z,2026-02-25T05:01:04.519Z,,2026-02-25T05:01:04.519Z,0,system,Ingested from SharePoint
BATCH_20260225_050047_21578e,EXEC_8_20260225_050102_95e6d9,8,ScheduledReceiptRequisition PT.xlsx,/sites/BelivData/Shared Documents/Supply/11.ReceiptRequisition/ScheduledReceiptRequisition PT.xlsx,SharePoint,2026-02-25,Running,2026-02-25T05:01:02.950Z,null,,2026-02-25T05:01:02.950Z,0,system,Ingested from SharePoint
BATCH_20260225_050047_21578e,EXEC_3_20260225_050102_39eb36,3,BelivBillOfMaterial.xlsx,/sites/BelivData/Shared Documents/Supply/7.BillOfMaterials/BelivBillOfMaterial.xlsx,SharePoint,2026-02-25,Running,2026-02-25T05:01:02.092Z,null,,2026-02-25T05:01:02.092Z,0,system,Ingested from SharePoint
BATCH_20260225_050047_21578e,EXEC_13_20260225_050051_6532bf,13,00. Calendar Holidays.xlsx,/sites/BelivData/Shared Documents/Supply/10.Calendar/00. Calendar Holidays.xlsx,SharePoint,2026-02-25,success,2026-02-25T05:00:51.921Z,2026-02-25T05:00:57.296Z,,2026-02-25T05:00:57.296Z,0,system,Ingested from SharePoint
BATCH_20260224_020045_76178a,EXEC_13_20260224_020201_512367,13,00. Calendar Holidays.xlsx,/sites/BelivData/Shared Documents/Supply/10.Calendar/00. Calendar Holidays.xlsx,SharePoint,2026-02-24,success,2026-02-24T02:02:01.115Z,2026-02-24T02:02:05.106Z,,2026-02-24T02:02:05.106Z,0,system,Ingested from SharePoint
BATCH_20260224_020045_76178a,EXEC_14_20260224_020156_3f596b,14,calendar_by_site.xlsx,/sites/BelivData/Shared Documents/Supply/10.Calendar/calendar_by_site.xlsx,SharePoint,2026-02-24,success,2026-02-24T02:01:56.869Z,2026-02-24T02:02:00.798Z,,2026-02-24T02:02:00.798Z,0,system,Ingested from SharePoint
BATCH_20260224_020045_76178a,EXEC_9_20260224_020150_e55f35,9,Masterplanprocurement.xlsx,/sites/BelivData/Shared Documents/Supply/8.Procurement/Masterplanprocurement.xlsx,SharePoint,2026-02-24,success,2026-02-24T02:01:50.191Z,2026-02-24T02:01:55.402Z,,2026-02-24T02:01:55.402Z,0,system,Ingested from SharePoint
BATCH_20260224_020045_76178a,EXEC_11_20260224_020149_0753c1,11,Inventory Policy.xlsx,/sites/BelivData/Shared Documents/Supply/4.Politicas de Inventario/Inventory Policy.xlsx,SharePoint,2026-02-24,success,2026-02-24T02:01:49.453Z,2026-02-24T02:01:52.214Z,,2026-02-24T02:01:52.214Z,0,system,Ingested from SharePoint
BATCH_20260224_020045_76178a,EXEC_12_20260224_020149_bd09c2,12,Initial Inventory - Bill Of Material.xlsx,/sites/BelivData/Shared Documents/Supply/7.BillOfMaterials/Initial Inventory - Bill Of Material.xlsx,SharePoint,2026-02-24,success,2026-02-24T02:01:49.406Z,2026-02-24T02:01:51.580Z,,2026-02-24T02:01:51.580Z,0,system,Ingested from SharePoint
BATCH_20260224_020045_76178a,EXEC_4_20260224_020133_2dacf7,4,ID Pricing.xlsx,/sites/BelivData/Shared Documents/Finanzas/1.RGM/ID Pricing.xlsx,SharePoint,2026-02-24,success,2026-02-24T02:01:33.395Z,2026-02-24T02:01:39.354Z,,2026-02-24T02:01:39.354Z,0,system,Ingested from SharePoint
BATCH_20260224_020045_76178a,EXEC_14_20260224_020057_9ca3f0,14,calendar_by_site.xlsx,/sites/BelivData/Shared Documents/Supply/10.Calendar/calendar_by_site.xlsx,SharePoint,2026-02-24,failed,2026-02-24T02:00:57.641Z,2026-02-24T02:01:33.568Z,"[DELTA_CONCURRENT_APPEND] ConcurrentAppendException: Files were added to the root of the table by a concurrent update. Please try the operation again.
Conflicting commit: {""timestamp"":1771920089963,""userId"":""488932038608523"",""userName"":""nsira@be-liv-externos.com"",""operation"":""UPDATE"",""operationParameters"":{""predicate"":""[\""(execution_id#42358 = EXEC_9_20260224_020058_21e34d)\""]""},""readVersion"":20170,""isolationLevel"":""WriteSerializable"",""isBlindAppend"":false,""operationMetrics"":{""numRemovedFiles"":""1"",""numRemovedBytes"":""7771"",""numCopiedRows"":""0"",""numDeletionVectorsAdded"":""0"",""executionTimeMs"":""1627"",""numDeletionVectorsUpdated"":""0"",""scanTimeMs"":""425"",""numAddedFiles"":""1"",""numUpdatedRows"":""1"",""numDeletionVectorsRemoved"":""0"",""numAddedChangeFiles"":""0"",""numAddedBytes"":""13009"",""rewriteTimeMs"":""1202""},""tags"":{""noRowsCopied"":""false"",""delta.rowTracking.preserved"":""false"",""restoresDeletedRows"":""false""},""engineInfo"":""Databricks-Runtime/17.3.x-aarch64-photon-scala2.13"",""txnId"":""1aa89b6d-35ea-4c1c-bd85-de1da1945f07""}
Refer to https://docs.microsoft.com/azure/databricks/delta/concurrency-control for more details.",2026-02-24T02:01:33.568Z,0,system,Ingested from SharePoint
BATCH_20260224_020045_76178a,EXEC_13_20260224_020058_4fa573,13,00. Calendar Holidays.xlsx,/sites/BelivData/Shared Documents/Supply/10.Calendar/00. Calendar Holidays.xlsx,SharePoint,2026-02-24,failed,2026-02-24T02:00:58.029Z,2026-02-24T02:01:33.446Z,"[DELTA_CONCURRENT_APPEND] ConcurrentAppendException: Files were added to the root of the table by a concurrent update. Please try the operation again.
Conflicting commit: {""timestamp"":1771920089963,""userId"":""488932038608523"",""userName"":""nsira@be-liv-externos.com"",""operation"":""UPDATE"",""operationParameters"":{""predicate"":""[\""(execution_id#42358 = EXEC_9_20260224_020058_21e34d)\""]""},""readVersion"":20170,""isolationLevel"":""WriteSerializable"",""isBlindAppend"":false,""operationMetrics"":{""numRemovedFiles"":""1"",""numRemovedBytes"":""7771"",""numCopiedRows"":""0"",""numDeletionVectorsAdded"":""0"",""executionTimeMs"":""1627"",""numDeletionVectorsUpdated"":""0"",""scanTimeMs"":""425"",""numAddedFiles"":""1"",""numUpdatedRows"":""1"",""numDeletionVectorsRemoved"":""0"",""numAddedChangeFiles"":""0"",""numAddedBytes"":""13009"",""rewriteTimeMs"":""1202""},""tags"":{""noRowsCopied"":""false"",""delta.rowTracking.preserved"":""false"",""restoresDeletedRows"":""false""},""engineInfo"":""Databricks-Runtime/17.3.x-aarch64-photon-scala2.13"",""txnId"":""1aa89b6d-35ea-4c1c-bd85-de1da1945f07""}
Refer to https://docs.microsoft.com/azure/databricks/delta/concurrency-control for more details.",2026-02-24T02:01:33.446Z,0,system,Ingested from SharePoint
BATCH_20260224_020045_76178a,EXEC_11_20260224_020057_0a2dad,11,Inventory Policy.xlsx,/sites/BelivData/Shared Documents/Supply/4.Politicas de Inventario/Inventory Policy.xlsx,SharePoint,2026-02-24,failed,2026-02-24T02:00:57.842Z,2026-02-24T02:01:33.248Z,"[DELTA_CONCURRENT_APPEND] ConcurrentAppendException: Files were added to the root of the table by a concurrent update. Please try the operation again.
Conflicting commit: {""timestamp"":1771920089963,""userId"":""488932038608523"",""userName"":""nsira@be-liv-externos.com"",""operation"":""UPDATE"",""operationParameters"":{""predicate"":""[\""(execution_id#42358 = EXEC_9_20260224_020058_21e34d)\""]""},""readVersion"":20170,""isolationLevel"":""WriteSerializable"",""isBlindAppend"":false,""operationMetrics"":{""numRemovedFiles"":""1"",""numRemovedBytes"":""7771"",""numCopiedRows"":""0"",""numDeletionVectorsAdded"":""0"",""executionTimeMs"":""1627"",""numDeletionVectorsUpdated"":""0"",""scanTimeMs"":""425"",""numAddedFiles"":""1"",""numUpdatedRows"":""1"",""numDeletionVectorsRemoved"":""0"",""numAddedChangeFiles"":""0"",""numAddedBytes"":""13009"",""rewriteTimeMs"":""1202""},""tags"":{""noRowsCopied"":""false"",""delta.rowTracking.preserved"":""false"",""restoresDeletedRows"":""false""},""engineInfo"":""Databricks-Runtime/17.3.x-aarch64-photon-scala2.13"",""txnId"":""1aa89b6d-35ea-4c1c-bd85-de1da1945f07""}
Refer to https://docs.microsoft.com/azure/databricks/delta/concurrency-control for more details.",2026-02-24T02:01:33.248Z,0,system,Ingested from SharePoint
BATCH_20260224_020045_76178a,EXEC_9_20260224_020058_21e34d,9,Masterplanprocurement.xlsx,/sites/BelivData/Shared Documents/Supply/8.Procurement/Masterplanprocurement.xlsx,SharePoint,2026-02-24,failed,2026-02-24T02:00:58.236Z,2026-02-24T02:01:28.116Z,"[DELTA_CONCURRENT_APPEND] ConcurrentAppendException: Files were added to the root of the table by a concurrent update. Please try the operation again.
Conflicting commit: {""timestamp"":1771920087453,""userId"":""488932038608523"",""userName"":""nsira@be-liv-externos.com"",""operation"":""UPDATE"",""operationParameters"":{""predicate"":""[\""(execution_id#40949 = EXEC_4_20260224_020057_400c1e)\""]""},""readVersion"":20169,""isolationLevel"":""WriteSerializable"",""isBlindAppend"":false,""operationMetrics"":{""numRemovedFiles"":""1"",""numRemovedBytes"":""7643"",""numCopiedRows"":""0"",""numDeletionVectorsAdded"":""0"",""executionTimeMs"":""1726"",""numDeletionVectorsUpdated"":""0"",""scanTimeMs"":""482"",""numAddedFiles"":""1"",""numUpdatedRows"":""1"",""numDeletionVectorsRemoved"":""0"",""numAddedChangeFiles"":""0"",""numAddedBytes"":""12880"",""rewriteTimeMs"":""1243""},""tags"":{""noRowsCopied"":""false"",""delta.rowTracking.preserved"":""false"",""restoresDeletedRows"":""false""},""engineInfo"":""Databricks-Runtime/17.3.x-aarch64-photon-scala2.13"",""txnId"":""354691eb-e09d-41d5-9b1c-e00eeb454252""}
Refer to https://docs.microsoft.com/azure/databricks/delta/concurrency-control for more details.",2026-02-24T02:01:28.116Z,0,system,Ingested from SharePoint
BATCH_20260224_020045_76178a,EXEC_4_20260224_020057_400c1e,4,ID Pricing.xlsx,/sites/BelivData/Shared Documents/Finanzas/1.RGM/ID Pricing.xlsx,SharePoint,2026-02-24,failed,2026-02-24T02:00:57.543Z,2026-02-24T02:01:25.415Z,"[DELTA_CONCURRENT_APPEND] ConcurrentAppendException: Files were added to the root of the table by a concurrent update. Please try the operation again.
Conflicting commit: {""timestamp"":1771920084838,""userId"":""488932038608523"",""userName"":""nsira@be-liv-externos.com"",""operation"":""UPDATE"",""operationParameters"":{""predicate"":""[\""(execution_id#38539 = EXEC_10_20260224_020102_93a9b5)\""]""},""readVersion"":20168,""isolationLevel"":""WriteSerializable"",""isBlindAppend"":false,""operationMetrics"":{""numRemovedFiles"":""1"",""numRemovedBytes"":""7882"",""numCopiedRows"":""0"",""numDeletionVectorsAdded"":""0"",""executionTimeMs"":""2492"",""numDeletionVectorsUpdated"":""0"",""scanTimeMs"":""698"",""numAddedFiles"":""1"",""numUpdatedRows"":""1"",""numDeletionVectorsRemoved"":""0"",""numAddedChangeFiles"":""0"",""numAddedBytes"":""7988"",""rewriteTimeMs"":""1794""},""tags"":{""noRowsCopied"":""false"",""delta.rowTracking.preserved"":""false"",""restoresDeletedRows"":""false""},""engineInfo"":""Databricks-Runtime/17.3.x-aarch64-photon-scala2.13"",""txnId"":""ff9e0306-e9f9-45a5-9b42-6fc3366ef4b9""}
Refer to https://docs.microsoft.com/azure/databricks/delta/concurrency-control for more details.",2026-02-24T02:01:25.415Z,0,system,Ingested from SharePoint
BATCH_20260224_020045_76178a,EXEC_10_20260224_020102_93a9b5,10,DATA_COSTOS_TRANSFORMADOS_COMPLETO.xlsx,/sites/BelivData/Shared Documents/Supply/9.Cost/DATA_COSTOS_TRANSFORMADOS_COMPLETO.xlsx,SharePoint,2026-02-24,success,2026-02-24T02:01:02.742Z,2026-02-24T02:01:17.232Z,,2026-02-24T02:01:17.232Z,0,system,Ingested from SharePoint
BATCH_20260224_020045_76178a,EXEC_7_20260224_020058_fc33d9,7,sku_producing-plant.xlsx,/sites/BelivData/Shared Documents/Supply/11.ReceiptRequisition/sku_producing-plant.xlsx,SharePoint,2026-02-24,success,2026-02-24T02:00:58.476Z,2026-02-24T02:01:10.450Z,,2026-02-24T02:01:10.450Z,0,system,Ingested from SharePoint
BATCH_20260224_020045_76178a,EXEC_8_20260224_020057_feb5f4,8,ScheduledReceiptRequisition PT.xlsx,/sites/BelivData/Shared Documents/Supply/11.ReceiptRequisition/ScheduledReceiptRequisition PT.xlsx,SharePoint,2026-02-24,success,2026-02-24T02:00:57.509Z,2026-02-24T02:01:02.451Z,,2026-02-24T02:01:02.451Z,0,system,Ingested from SharePoint
BATCH_20260224_020045_76178a,EXEC_12_20260224_020057_dccd2a,12,Initial Inventory - Bill Of Material.xlsx,/sites/BelivData/Shared Documents/Supply/7.BillOfMaterials/Initial Inventory - Bill Of Material.xlsx,SharePoint,2026-02-24,Running,2026-02-24T02:00:57.814Z,null,,2026-02-24T02:00:57.814Z,0,system,Ingested from SharePoint
BATCH_20260224_020045_76178a,EXEC_3_20260224_020049_05262d,3,BelivBillOfMaterial.xlsx,/sites/BelivData/Shared Documents/Supply/7.BillOfMaterials/BelivBillOfMaterial.xlsx,SharePoint,2026-02-24,success,2026-02-24T02:00:49.221Z,2026-02-24T02:00:51.869Z,,2026-02-24T02:00:51.869Z,0,system,Ingested from SharePoint
BATCH_20260223_020042_d8edf9,EXEC_12_20260223_020150_65e366,12,Initial Inventory - Bill Of Material.xlsx,/sites/BelivData/Shared Documents/Supply/7.BillOfMaterials/Initial Inventory - Bill Of Material.xlsx,SharePoint,2026-02-23,success,2026-02-23T02:01:50.645Z,2026-02-23T02:01:54.630Z,,2026-02-23T02:01:54.630Z,0,system,Ingested from SharePoint
BATCH_20260223_020042_d8edf9,EXEC_3_20260223_020148_7d22c2,3,BelivBillOfMaterial.xlsx,/sites/BelivData/Shared Documents/Supply/7.BillOfMaterials/BelivBillOfMaterial.xlsx,SharePoint,2026-02-23,success,2026-02-23T02:01:48.444Z,2026-02-23T02:01:52.459Z,,2026-02-23T02:01:52.459Z,0,system,Ingested from SharePoint
BATCH_20260223_020042_d8edf9,EXEC_10_20260223_020142_b54788,10,DATA_COSTOS_TRANSFORMADOS_COMPLETO.xlsx,/sites/BelivData/Shared Documents/Supply/9.Cost/DATA_COSTOS_TRANSFORMADOS_COMPLETO.xlsx,SharePoint,2026-02-23,success,2026-02-23T02:01:42.776Z,2026-02-23T02:01:46.683Z,,2026-02-23T02:01:46.683Z,0,system,Ingested from SharePoint
BATCH_20260223_020042_d8edf9,EXEC_13_20260223_020140_89cb73,13,00. Calendar Holidays.xlsx,/sites/BelivData/Shared Documents/Supply/10.Calendar/00. Calendar Holidays.xlsx,SharePoint,2026-02-23,success,2026-02-23T02:01:40.613Z,2026-02-23T02:01:43.181Z,,2026-02-23T02:01:43.181Z,0,system,Ingested from SharePoint
BATCH_20260223_020042_d8edf9,EXEC_14_20260223_020129_8f1297,14,calendar_by_site.xlsx,/sites/BelivData/Shared Documents/Supply/10.Calendar/calendar_by_site.xlsx,SharePoint,2026-02-23,success,2026-02-23T02:01:29.640Z,2026-02-23T02:01:33.268Z,,2026-02-23T02:01:33.268Z,0,system,Ingested from SharePoint
BATCH_20260223_020042_d8edf9,EXEC_9_20260223_020129_ca38a2,9,Masterplanprocurement.xlsx,/sites/BelivData/Shared Documents/Supply/8.Procurement/Masterplanprocurement.xlsx,SharePoint,2026-02-23,success,2026-02-23T02:01:29.617Z,2026-02-23T02:01:32.040Z,,2026-02-23T02:01:32.040Z,0,system,Ingested from SharePoint
BATCH_20260223_020042_d8edf9,EXEC_3_20260223_020057_a762a9,3,BelivBillOfMaterial.xlsx,/sites/BelivData/Shared Documents/Supply/7.BillOfMaterials/BelivBillOfMaterial.xlsx,SharePoint,2026-02-23,failed,2026-02-23T02:00:57.644Z,2026-02-23T02:01:23.892Z,"[DELTA_CONCURRENT_APPEND] ConcurrentAppendException: Files were added to the root of the table by a concurrent update. Please try the operation again.
Conflicting commit: {""timestamp"":1771833679687,""userId"":""488932038608523"",""userName"":""nsira@be-liv-externos.com"",""operation"":""UPDATE"",""operationParameters"":{""predicate"":""[\""(execution_id#34727 = EXEC_9_20260223_020056_1a41be)\""]""},""readVersion"":20139,""isolationLevel"":""WriteSerializable"",""isBlindAppend"":false,""operationMetrics"":{""numRemovedFiles"":""1"",""numRemovedBytes"":""7772"",""numCopiedRows"":""0"",""numDeletionVectorsAdded"":""0"",""executionTimeMs"":""1352"",""numDeletionVectorsUpdated"":""0"",""scanTimeMs"":""229"",""numAddedFiles"":""1"",""numUpdatedRows"":""1"",""numDeletionVectorsRemoved"":""0"",""numAddedChangeFiles"":""0"",""numAddedBytes"":""13005"",""rewriteTimeMs"":""1123""},""tags"":{""noRowsCopied"":""false"",""delta.rowTracking.preserved"":""false"",""restoresDeletedRows"":""false""},""engineInfo"":""Databricks-Runtime/17.3.x-aarch64-photon-scala2.13"",""txnId"":""8cbef75d-843b-4c77-b7e8-8adb418051b1""}
Refer to https://docs.microsoft.com/azure/databricks/delta/concurrency-control for more details.",2026-02-23T02:01:23.892Z,0,system,Ingested from SharePoint
BATCH_20260223_020042_d8edf9,EXEC_14_20260223_020056_edf201,14,calendar_by_site.xlsx,/sites/BelivData/Shared Documents/Supply/10.Calendar/calendar_by_site.xlsx,SharePoint,2026-02-23,failed,2026-02-23T02:00:56.292Z,2026-02-23T02:01:18.105Z,"[DELTA_CONCURRENT_APPEND] ConcurrentAppendException: Files were added to the root of the table by a concurrent update. Please try the operation again.
Conflicting commit: {""timestamp"":1771833677391,""userId"":""488932038608523"",""userName"":""nsira@be-liv-externos.com"",""operation"":""UPDATE"",""operationParameters"":{""predicate"":""[\""(execution_id#31591 = EXEC_8_20260223_020056_440065)\""]""},""readVersion"":20138,""isolationLevel"":""WriteSerializable"",""isBlindAppend"":false,""operationMetrics"":{""numRemovedFiles"":""1"",""numRemovedBytes"":""7895"",""numCopiedRows"":""0"",""numDeletionVectorsAdded"":""0"",""executionTimeMs"":""2167"",""numDeletionVectorsUpdated"":""0"",""scanTimeMs"":""618"",""numAddedFiles"":""1"",""numUpdatedRows"":""1"",""numDeletionVectorsRemoved"":""0"",""numAddedChangeFiles"":""0"",""numAddedBytes"":""8002"",""rewriteTimeMs"":""1549""},""tags"":{""noRowsCopied"":""false"",""delta.rowTracking.preserved"":""false"",""restoresDeletedRows"":""false""},""engineInfo"":""Databricks-Runtime/17.3.x-aarch64-photon-scala2.13"",""txnId"":""c990ef36-a8bc-4185-8853-d4be2433bed7""}
Refer to https://docs.microsoft.com/azure/databricks/delta/concurrency-control for more details.",2026-02-23T02:01:18.105Z,0,system,Ingested from SharePoint
BATCH_20260223_020042_d8edf9,EXEC_10_20260223_020056_204008,10,DATA_COSTOS_TRANSFORMADOS_COMPLETO.xlsx,/sites/BelivData/Shared Documents/Supply/9.Cost/DATA_COSTOS_TRANSFORMADOS_COMPLETO.xlsx,SharePoint,2026-02-23,failed,2026-02-23T02:00:56.331Z,2026-02-23T02:01:18.002Z,"[DELTA_CONCURRENT_APPEND] ConcurrentAppendException: Files were added to the root of the table by a concurrent update. Please try the operation again.
Conflicting commit: {""timestamp"":1771833677391,""userId"":""488932038608523"",""userName"":""nsira@be-liv-externos.com"",""operation"":""UPDATE"",""operationParameters"":{""predicate"":""[\""(execution_id#31591 = EXEC_8_20260223_020056_440065)\""]""},""readVersion"":20138,""isolationLevel"":""WriteSerializable"",""isBlindAppend"":false,""operationMetrics"":{""numRemovedFiles"":""1"",""numRemovedBytes"":""7895"",""numCopiedRows"":""0"",""numDeletionVectorsAdded"":""0"",""executionTimeMs"":""2167"",""numDeletionVectorsUpdated"":""0"",""scanTimeMs"":""618"",""numAddedFiles"":""1"",""numUpdatedRows"":""1"",""numDeletionVectorsRemoved"":""0"",""numAddedChangeFiles"":""0"",""numAddedBytes"":""8002"",""rewriteTimeMs"":""1549""},""tags"":{""noRowsCopied"":""false"",""delta.rowTracking.preserved"":""false"",""restoresDeletedRows"":""false""},""engineInfo"":""Databricks-Runtime/17.3.x-aarch64-photon-scala2.13"",""txnId"":""c990ef36-a8bc-4185-8853-d4be2433bed7""}
Refer to https://docs.microsoft.com/azure/databricks/delta/concurrency-control for more details.",2026-02-23T02:01:18.002Z,0,system,Ingested from SharePoint
BATCH_20260223_020042_d8edf9,EXEC_9_20260223_020056_1a41be,9,Masterplanprocurement.xlsx,/sites/BelivData/Shared Documents/Supply/8.Procurement/Masterplanprocurement.xlsx,SharePoint,2026-02-23,failed,2026-02-23T02:00:56.168Z,2026-02-23T02:01:17.981Z,"[DELTA_CONCURRENT_APPEND] ConcurrentAppendException: Files were added to the root of the table by a concurrent update. Please try the operation again.
Conflicting commit: {""timestamp"":1771833677391,""userId"":""488932038608523"",""userName"":""nsira@be-liv-externos.com"",""operation"":""UPDATE"",""operationParameters"":{""predicate"":""[\""(execution_id#31591 = EXEC_8_20260223_020056_440065)\""]""},""readVersion"":20138,""isolationLevel"":""WriteSerializable"",""isBlindAppend"":false,""operationMetrics"":{""numRemovedFiles"":""1"",""numRemovedBytes"":""7895"",""numCopiedRows"":""0"",""numDeletionVectorsAdded"":""0"",""executionTimeMs"":""2167"",""numDeletionVectorsUpdated"":""0"",""scanTimeMs"":""618"",""numAddedFiles"":""1"",""numUpdatedRows"":""1"",""numDeletionVectorsRemoved"":""0"",""numAddedChangeFiles"":""0"",""numAddedBytes"":""8002"",""rewriteTimeMs"":""1549""},""tags"":{""noRowsCopied"":""false"",""delta.rowTracking.preserved"":""false"",""restoresDeletedRows"":""false""},""engineInfo"":""Databricks-Runtime/17.3.x-aarch64-photon-scala2.13"",""txnId"":""c990ef36-a8bc-4185-8853-d4be2433bed7""}
Refer to https://docs.microsoft.com/azure/databricks/delta/concurrency-control for more details.",2026-02-23T02:01:17.981Z,0,system,Ingested from SharePoint
BATCH_20260223_020042_d8edf9,EXEC_7_20260223_020101_ed1c72,7,sku_producing-plant.xlsx,/sites/BelivData/Shared Documents/Supply/11.ReceiptRequisition/sku_producing-plant.xlsx,SharePoint,2026-02-23,success,2026-02-23T02:01:01.629Z,2026-02-23T02:01:09.148Z,,2026-02-23T02:01:09.148Z,0,system,Ingested from SharePoint
BATCH_20260223_020042_d8edf9,EXEC_4_20260223_020057_c6cc45,4,ID Pricing.xlsx,/sites/BelivData/Shared Documents/Finanzas/1.RGM/ID Pricing.xlsx,SharePoint,2026-02-23,success,2026-02-23T02:00:57.205Z,2026-02-23T02:01:02.704Z,,2026-02-23T02:01:02.704Z,0,system,Ingested from SharePoint
BATCH_20260223_020042_d8edf9,EXEC_8_20260223_020056_440065,8,ScheduledReceiptRequisition PT.xlsx,/sites/BelivData/Shared Documents/Supply/11.ReceiptRequisition/ScheduledReceiptRequisition PT.xlsx,SharePoint,2026-02-23,success,2026-02-23T02:00:56.118Z,2026-02-23T02:01:02.493Z,,2026-02-23T02:01:02.493Z,0,system,Ingested from SharePoint
BATCH_20260223_020042_d8edf9,EXEC_13_20260223_020059_bd1d2e,13,00. Calendar Holidays.xlsx,/sites/BelivData/Shared Documents/Supply/10.Calendar/00. Calendar Holidays.xlsx,SharePoint,2026-02-23,Running,2026-02-23T02:00:59.810Z,null,,2026-02-23T02:00:59.810Z,0,system,Ingested from SharePoint
BATCH_20260223_020042_d8edf9,EXEC_12_20260223_020059_979229,12,Initial Inventory - Bill Of Material.xlsx,/sites/BelivData/Shared Documents/Supply/7.BillOfMaterials/Initial Inventory - Bill Of Material.xlsx,SharePoint,2026-02-23,Running,2026-02-23T02:00:59.655Z,null,,2026-02-23T02:00:59.655Z,0,system,Ingested from SharePoint
BATCH_20260223_020042_d8edf9,EXEC_11_20260223_020047_4b3d0e,11,Inventory Policy.xlsx,/sites/BelivData/Shared Documents/Supply/4.Politicas de Inventario/Inventory Policy.xlsx,SharePoint,2026-02-23,success,2026-02-23T02:00:47.649Z,2026-02-23T02:00:50.820Z,,2026-02-23T02:00:50.820Z,0,system,Ingested from SharePoint
BATCH_20260221_080419_4b6270,EXEC_9_20260221_080520_1374db,9,Masterplanprocurement.xlsx,/sites/BelivData/Shared Documents/Supply/8.Procurement/Masterplanprocurement.xlsx,SharePoint,2026-02-21,success,2026-02-21T08:05:20.601Z,2026-02-21T08:05:24.115Z,,2026-02-21T08:05:24.115Z,0,system,Ingested from SharePoint
BATCH_20260221_080419_4b6270,EXEC_3_20260221_080517_a8301d,3,BelivBillOfMaterial.xlsx,/sites/BelivData/Shared Documents/Supply/7.BillOfMaterials/BelivBillOfMaterial.xlsx,SharePoint,2026-02-21,success,2026-02-21T08:05:17.071Z,2026-02-21T08:05:20.974Z,,2026-02-21T08:05:20.974Z,0,system,Ingested from SharePoint
BATCH_20260221_080419_4b6270,EXEC_13_20260221_080514_78b64b,13,00. Calendar Holidays.xlsx,/sites/BelivData/Shared Documents/Supply/10.Calendar/00. Calendar Holidays.xlsx,SharePoint,2026-02-21,success,2026-02-21T08:05:14.645Z,2026-02-21T08:05:17.877Z,,2026-02-21T08:05:17.877Z,0,system,Ingested from SharePoint
BATCH_20260221_080419_4b6270,EXEC_12_20260221_080512_c4e754,12,Initial Inventory - Bill Of Material.xlsx,/sites/BelivData/Shared Documents/Supply/7.BillOfMaterials/Initial Inventory - Bill Of Material.xlsx,SharePoint,2026-02-21,success,2026-02-21T08:05:12.650Z,2026-02-21T08:05:16.435Z,,2026-02-21T08:05:16.435Z,0,system,Ingested from SharePoint
BATCH_20260221_080419_4b6270,EXEC_8_20260221_080507_3d92ca,8,ScheduledReceiptRequisition PT.xlsx,/sites/BelivData/Shared Documents/Supply/11.ReceiptRequisition/ScheduledReceiptRequisition PT.xlsx,SharePoint,2026-02-21,success,2026-02-21T08:05:07.625Z,2026-02-21T08:05:09.917Z,,2026-02-21T08:05:09.917Z,0,system,Ingested from SharePoint
BATCH_20260221_080419_4b6270,EXEC_14_20260221_080507_06f209,14,calendar_by_site.xlsx,/sites/BelivData/Shared Documents/Supply/10.Calendar/calendar_by_site.xlsx,SharePoint,2026-02-21,success,2026-02-21T08:05:07.387Z,2026-02-21T08:05:09.310Z,,2026-02-21T08:05:09.310Z,0,system,Ingested from SharePoint
BATCH_20260221_080419_4b6270,EXEC_12_20260221_080433_2c319f,12,Initial Inventory - Bill Of Material.xlsx,/sites/BelivData/Shared Documents/Supply/7.BillOfMaterials/Initial Inventory - Bill Of Material.xlsx,SharePoint,2026-02-21,failed,2026-02-21T08:04:33.114Z,2026-02-21T08:04:53.429Z,"[DELTA_CONCURRENT_APPEND] ConcurrentAppendException: Files were added to the root of the table by a concurrent update. Please try the operation again.
Conflicting commit: {""timestamp"":1771682692838,""userId"":""488932038608523"",""userName"":""nsira@be-liv-externos.com"",""operation"":""UPDATE"",""operationParameters"":{""predicate"":""[\""(execution_id#28568 = EXEC_4_20260221_080432_077872)\""]""},""readVersion"":20109,""isolationLevel"":""WriteSerializable"",""isBlindAppend"":false,""operationMetrics"":{""numRemovedFiles"":""1"",""numRemovedBytes"":""7643"",""numCopiedRows"":""0"",""numDeletionVectorsAdded"":""0"",""executionTimeMs"":""1303"",""numDeletionVectorsUpdated"":""0"",""scanTimeMs"":""404"",""numAddedFiles"":""1"",""numUpdatedRows"":""1"",""numDeletionVectorsRemoved"":""0"",""numAddedChangeFiles"":""0"",""numAddedBytes"":""7750"",""rewriteTimeMs"":""898""},""tags"":{""noRowsCopied"":""false"",""delta.rowTracking.preserved"":""false"",""restoresDeletedRows"":""false""},""engineInfo"":""Databricks-Runtime/17.3.x-aarch64-photon-scala2.13"",""txnId"":""25074f96-9750-4b33-a5d2-a76a51c6cb20""}
Refer to https://docs.microsoft.com/azure/databricks/delta/concurrency-control for more details.",2026-02-21T08:04:53.429Z,0,system,Ingested from SharePoint
BATCH_20260221_080419_4b6270,EXEC_9_20260221_080432_4c2d8b,9,Masterplanprocurement.xlsx,/sites/BelivData/Shared Documents/Supply/8.Procurement/Masterplanprocurement.xlsx,SharePoint,2026-02-21,failed,2026-02-21T08:04:32.859Z,2026-02-21T08:04:53.318Z,"[DELTA_CONCURRENT_APPEND] ConcurrentAppendException: Files were added to the root of the table by a concurrent update. Please try the operation again.
Conflicting commit: {""timestamp"":1771682692838,""userId"":""488932038608523"",""userName"":""nsira@be-liv-externos.com"",""operation"":""UPDATE"",""operationParameters"":{""predicate"":""[\""(execution_id#28568 = EXEC_4_20260221_080432_077872)\""]""},""readVersion"":20109,""isolationLevel"":""WriteSerializable"",""isBlindAppend"":false,""operationMetrics"":{""numRemovedFiles"":""1"",""numRemovedBytes"":""7643"",""numCopiedRows"":""0"",""numDeletionVectorsAdded"":""0"",""executionTimeMs"":""1303"",""numDeletionVectorsUpdated"":""0"",""scanTimeMs"":""404"",""numAddedFiles"":""1"",""numUpdatedRows"":""1"",""numDeletionVectorsRemoved"":""0"",""numAddedChangeFiles"":""0"",""numAddedBytes"":""7750"",""rewriteTimeMs"":""898""},""tags"":{""noRowsCopied"":""false"",""delta.rowTracking.preserved"":""false"",""restoresDeletedRows"":""false""},""engineInfo"":""Databricks-Runtime/17.3.x-aarch64-photon-scala2.13"",""txnId"":""25074f96-9750-4b33-a5d2-a76a51c6cb20""}
Refer to https://docs.microsoft.com/azure/databricks/delta/concurrency-control for more details.",2026-02-21T08:04:53.318Z,0,system,Ingested from SharePoint
BATCH_20260221_080419_4b6270,EXEC_13_20260221_080432_1c369e,13,00. Calendar Holidays.xlsx,/sites/BelivData/Shared Documents/Supply/10.Calendar/00. Calendar Holidays.xlsx,SharePoint,2026-02-21,failed,2026-02-21T08:04:32.633Z,2026-02-21T08:04:53.253Z,"[DELTA_CONCURRENT_APPEND] ConcurrentAppendException: Files were added to the root of the table by a concurrent update. Please try the operation again.
Conflicting commit: {""timestamp"":1771682692838,""userId"":""488932038608523"",""userName"":""nsira@be-liv-externos.com"",""operation"":""UPDATE"",""operationParameters"":{""predicate"":""[\""(execution_id#28568 = EXEC_4_20260221_080432_077872)\""]""},""readVersion"":20109,""isolationLevel"":""WriteSerializable"",""isBlindAppend"":false,""operationMetrics"":{""numRemovedFiles"":""1"",""numRemovedBytes"":""7643"",""numCopiedRows"":""0"",""numDeletionVectorsAdded"":""0"",""executionTimeMs"":""1303"",""numDeletionVectorsUpdated"":""0"",""scanTimeMs"":""404"",""numAddedFiles"":""1"",""numUpdatedRows"":""1"",""numDeletionVectorsRemoved"":""0"",""numAddedChangeFiles"":""0"",""numAddedBytes"":""7750"",""rewriteTimeMs"":""898""},""tags"":{""noRowsCopied"":""false"",""delta.rowTracking.preserved"":""false"",""restoresDeletedRows"":""false""},""engineInfo"":""Databricks-Runtime/17.3.x-aarch64-photon-scala2.13"",""txnId"":""25074f96-9750-4b33-a5d2-a76a51c6cb20""}
Refer to https://docs.microsoft.com/azure/databricks/delta/concurrency-control for more details.",2026-02-21T08:04:53.253Z,0,system,Ingested from SharePoint
BATCH_20260221_080419_4b6270,EXEC_7_20260221_080435_6a34ca,7,sku_producing-plant.xlsx,/sites/BelivData/Shared Documents/Supply/11.ReceiptRequisition/sku_producing-plant.xlsx,SharePoint,2026-02-21,success,2026-02-21T08:04:35.811Z,2026-02-21T08:04:45.721Z,,2026-02-21T08:04:45.721Z,0,system,Ingested from SharePoint
BATCH_20260221_080419_4b6270,EXEC_4_20260221_080432_077872,4,ID Pricing.xlsx,/sites/BelivData/Shared Documents/Finanzas/1.RGM/ID Pricing.xlsx,SharePoint,2026-02-21,success,2026-02-21T08:04:32.865Z,2026-02-21T08:04:45.614Z,,2026-02-21T08:04:45.614Z,0,system,Ingested from SharePoint
BATCH_20260221_080419_4b6270,EXEC_11_20260221_080432_c08993,11,Inventory Policy.xlsx,/sites/BelivData/Shared Documents/Supply/4.Politicas de Inventario/Inventory Policy.xlsx,SharePoint,2026-02-21,success,2026-02-21T08:04:32.130Z,2026-02-21T08:04:36.658Z,,2026-02-21T08:04:36.658Z,0,system,Ingested from SharePoint
BATCH_20260221_080419_4b6270,EXEC_8_20260221_080432_138499,8,ScheduledReceiptRequisition PT.xlsx,/sites/BelivData/Shared Documents/Supply/11.ReceiptRequisition/ScheduledReceiptRequisition PT.xlsx,SharePoint,2026-02-21,Running,2026-02-21T08:04:32.990Z,null,,2026-02-21T08:04:32.990Z,0,system,Ingested from SharePoint
BATCH_20260221_080419_4b6270,EXEC_14_20260221_080432_8669c1,14,calendar_by_site.xlsx,/sites/BelivData/Shared Documents/Supply/10.Calendar/calendar_by_site.xlsx,SharePoint,2026-02-21,Running,2026-02-21T08:04:32.867Z,null,,2026-02-21T08:04:32.867Z,0,system,Ingested from SharePoint
BATCH_20260221_080419_4b6270,EXEC_3_20260221_080432_577587,3,BelivBillOfMaterial.xlsx,/sites/BelivData/Shared Documents/Supply/7.BillOfMaterials/BelivBillOfMaterial.xlsx,SharePoint,2026-02-21,Running,2026-02-21T08:04:32.661Z,null,,2026-02-21T08:04:32.661Z,0,system,Ingested from SharePoint
BATCH_20260221_080419_4b6270,EXEC_10_20260221_080423_0559dd,10,DATA_COSTOS_TRANSFORMADOS_COMPLETO.xlsx,/sites/BelivData/Shared Documents/Supply/9.Cost/DATA_COSTOS_TRANSFORMADOS_COMPLETO.xlsx,SharePoint,2026-02-21,success,2026-02-21T08:04:23.900Z,2026-02-21T08:04:26.975Z,,2026-02-21T08:04:26.975Z,0,system,Ingested from SharePoint
BATCH_20260220_020032_90127d,EXEC_13_20260220_020141_9629b3,13,00. Calendar Holidays.xlsx,/sites/BelivData/Shared Documents/Supply/10.Calendar/00. Calendar Holidays.xlsx,SharePoint,2026-02-20,success,2026-02-20T02:01:41.164Z,2026-02-20T02:01:44.453Z,,2026-02-20T02:01:44.453Z,0,system,Ingested from SharePoint
BATCH_20260220_020032_90127d,EXEC_12_20260220_020136_d705c5,12,Initial Inventory - Bill Of Material.xlsx,/sites/BelivData/Shared Documents/Supply/7.BillOfMaterials/Initial Inventory - Bill Of Material.xlsx,SharePoint,2026-02-20,success,2026-02-20T02:01:36.577Z,2026-02-20T02:01:39.841Z,,2026-02-20T02:01:39.841Z,0,system,Ingested from SharePoint
BATCH_20260220_020032_90127d,EXEC_3_20260220_020132_1d0672,3,BelivBillOfMaterial.xlsx,/sites/BelivData/Shared Documents/Supply/7.BillOfMaterials/BelivBillOfMaterial.xlsx,SharePoint,2026-02-20,success,2026-02-20T02:01:32.709Z,2026-02-20T02:01:36.427Z,,2026-02-20T02:01:36.427Z,0,system,Ingested from SharePoint
BATCH_20260220_020032_90127d,EXEC_7_20260220_020123_5ef305,7,sku_producing-plant.xlsx,/sites/BelivData/Shared Documents/Supply/11.ReceiptRequisition/sku_producing-plant.xlsx,SharePoint,2026-02-20,success,2026-02-20T02:01:23.412Z,2026-02-20T02:01:26.966Z,,2026-02-20T02:01:26.966Z,0,system,Ingested from SharePoint
BATCH_20260220_020032_90127d,EXEC_13_20260220_020044_0e87c5,13,00. Calendar Holidays.xlsx,/sites/BelivData/Shared Documents/Supply/10.Calendar/00. Calendar Holidays.xlsx,SharePoint,2026-02-20,failed,2026-02-20T02:00:44.885Z,2026-02-20T02:01:21.951Z,"[DELTA_CONCURRENT_APPEND] ConcurrentAppendException: Files were added to the root of the table by a concurrent update. Please try the operation again.
Conflicting commit: {""timestamp"":1771574479967,""userId"":""488932038608523"",""userName"":""nsira@be-liv-externos.com"",""operation"":""UPDATE"",""operationParameters"":{""predicate"":""[\""(execution_id#23368 = EXEC_12_20260220_020044_aa9269)\""]""},""readVersion"":20086,""isolationLevel"":""WriteSerializable"",""isBlindAppend"":false,""operationMetrics"":{""numRemovedFiles"":""1"",""numRemovedBytes"":""7945"",""numCopiedRows"":""0"",""numDeletionVectorsAdded"":""0"",""executionTimeMs"":""1355"",""numDeletionVectorsUpdated"":""0"",""scanTimeMs"":""313"",""numAddedFiles"":""1"",""numUpdatedRows"":""1"",""numDeletionVectorsRemoved"":""0"",""numAddedChangeFiles"":""0"",""numAddedBytes"":""13183"",""rewriteTimeMs"":""1042""},""tags"":{""noRowsCopied"":""false"",""delta.rowTracking.preserved"":""false"",""restoresDeletedRows"":""false""},""engineInfo"":""Databricks-Runtime/17.3.x-aarch64-photon-scala2.13"",""txnId"":""ec9dc360-7403-45e5-94e9-9cf3e6dfe191""}
Refer to https://docs.microsoft.com/azure/databricks/delta/concurrency-control for more details.",2026-02-20T02:01:21.951Z,0,system,Ingested from SharePoint
BATCH_20260220_020032_90127d,EXEC_12_20260220_020044_aa9269,12,Initial Inventory - Bill Of Material.xlsx,/sites/BelivData/Shared Documents/Supply/7.BillOfMaterials/Initial Inventory - Bill Of Material.xlsx,SharePoint,2026-02-20,failed,2026-02-20T02:00:44.756Z,2026-02-20T02:01:18.217Z,"[DELTA_CONCURRENT_APPEND] ConcurrentAppendException: Files were added to the root of the table by a concurrent update. Please try the operation again.
Conflicting commit: {""timestamp"":1771574476715,""userId"":""488932038608523"",""userName"":""nsira@be-liv-externos.com"",""operation"":""UPDATE"",""operationParameters"":{""predicate"":""[\""(execution_id#21201 = EXEC_3_20260220_020044_6478ea)\""]""},""readVersion"":20085,""isolationLevel"":""WriteSerializable"",""isBlindAppend"":false,""operationMetrics"":{""numRemovedFiles"":""1"",""numRemovedBytes"":""7767"",""numCopiedRows"":""0"",""numDeletionVectorsAdded"":""0"",""executionTimeMs"":""1574"",""numDeletionVectorsUpdated"":""0"",""scanTimeMs"":""430"",""numAddedFiles"":""1"",""numUpdatedRows"":""1"",""numDeletionVectorsRemoved"":""0"",""numAddedChangeFiles"":""0"",""numAddedBytes"":""13003"",""rewriteTimeMs"":""1138""},""tags"":{""noRowsCopied"":""false"",""delta.rowTracking.preserved"":""false"",""restoresDeletedRows"":""false""},""engineInfo"":""Databricks-Runtime/17.3.x-aarch64-photon-scala2.13"",""txnId"":""9a636c38-0de6-4b9b-9f07-2e4b8a277df5""}
Refer to https://docs.microsoft.com/azure/databricks/delta/concurrency-control for more details.",2026-02-20T02:01:18.217Z,0,system,Ingested from SharePoint
BATCH_20260220_020032_90127d,EXEC_3_20260220_020044_6478ea,3,BelivBillOfMaterial.xlsx,/sites/BelivData/Shared Documents/Supply/7.BillOfMaterials/BelivBillOfMaterial.xlsx,SharePoint,2026-02-20,failed,2026-02-20T02:00:44.830Z,2026-02-20T02:01:14.711Z,"[DELTA_CONCURRENT_APPEND] ConcurrentAppendException: Files were added to the root of the table by a concurrent update. Please try the operation again.
Conflicting commit: {""timestamp"":1771574473909,""userId"":""488932038608523"",""userName"":""nsira@be-liv-externos.com"",""operation"":""UPDATE"",""operationParameters"":{""predicate"":""[\""(execution_id#17502 = EXEC_10_20260220_020045_b758cf)\""]""},""readVersion"":20084,""isolationLevel"":""WriteSerializable"",""isBlindAppend"":false,""operationMetrics"":{""numRemovedFiles"":""1"",""numRemovedBytes"":""7880"",""numCopiedRows"":""0"",""numDeletionVectorsAdded"":""0"",""executionTimeMs"":""1792"",""numDeletionVectorsUpdated"":""0"",""scanTimeMs"":""566"",""numAddedFiles"":""1"",""numUpdatedRows"":""1"",""numDeletionVectorsRemoved"":""0"",""numAddedChangeFiles"":""0"",""numAddedBytes"":""7989"",""rewriteTimeMs"":""1225""},""tags"":{""noRowsCopied"":""false"",""delta.rowTracking.preserved"":""false"",""restoresDeletedRows"":""false""},""engineInfo"":""Databricks-Runtime/17.3.x-aarch64-photon-scala2.13"",""txnId"":""7d574e8f-cb41-49b1-9c44-39589738a90c""}
Refer to https://docs.microsoft.com/azure/databricks/delta/concurrency-control for more details.",2026-02-20T02:01:14.711Z,0,system,Ingested from SharePoint
BATCH_20260220_020032_90127d,EXEC_7_20260220_020045_e6890f,7,sku_producing-plant.xlsx,/sites/BelivData/Shared Documents/Supply/11.ReceiptRequisition/sku_producing-plant.xlsx,SharePoint,2026-02-20,failed,2026-02-20T02:00:45.257Z,2026-02-20T02:01:06.877Z,"[DELTA_CONCURRENT_APPEND] ConcurrentAppendException: Files were added to the root of the table by a concurrent update. Please try the operation again.
Conflicting commit: {""timestamp"":1771574466152,""userId"":""488932038608523"",""userName"":""nsira@be-liv-externos.com"",""operation"":""UPDATE"",""operationParameters"":{""predicate"":""[\""(execution_id#35358 = EXEC_14_20260220_020045_dd66d3)\""]""},""readVersion"":20081,""isolationLevel"":""WriteSerializable"",""isBlindAppend"":false,""operationMetrics"":{""numRemovedFiles"":""1"",""numRemovedBytes"":""7728"",""numCopiedRows"":""0"",""numDeletionVectorsAdded"":""0"",""executionTimeMs"":""1153"",""numDeletionVectorsUpdated"":""0"",""scanTimeMs"":""376"",""numAddedFiles"":""1"",""numUpdatedRows"":""1"",""numDeletionVectorsRemoved"":""0"",""numAddedChangeFiles"":""0"",""numAddedBytes"":""7835"",""rewriteTimeMs"":""777""},""tags"":{""noRowsCopied"":""false"",""delta.rowTracking.preserved"":""false"",""restoresDeletedRows"":""false""},""engineInfo"":""Databricks-Runtime/17.3.x-aarch64-photon-scala2.13"",""txnId"":""eb52a45d-fc5f-4675-83b9-c0103a551549""}
Refer to https://docs.microsoft.com/azure/databricks/delta/concurrency-control for more details.",2026-02-20T02:01:06.877Z,0,system,Ingested from SharePoint
BATCH_20260220_020032_90127d,EXEC_14_20260220_020045_dd66d3,14,calendar_by_site.xlsx,/sites/BelivData/Shared Documents/Supply/10.Calendar/calendar_by_site.xlsx,SharePoint,2026-02-20,success,2026-02-20T02:00:45.056Z,2026-02-20T02:00:57.065Z,,2026-02-20T02:00:57.065Z,0,system,Ingested from SharePoint
BATCH_20260220_020032_90127d,EXEC_10_20260220_020045_b758cf,10,DATA_COSTOS_TRANSFORMADOS_COMPLETO.xlsx,/sites/BelivData/Shared Documents/Supply/9.Cost/DATA_COSTOS_TRANSFORMADOS_COMPLETO.xlsx,SharePoint,2026-02-20,success,2026-02-20T02:00:45.014Z,2026-02-20T02:00:55.446Z,,2026-02-20T02:00:55.446Z,0,system,Ingested from SharePoint
BATCH_20260220_020032_90127d,EXEC_11_20260220_020044_9a0937,11,Inventory Policy.xlsx,/sites/BelivData/Shared Documents/Supply/4.Politicas de Inventario/Inventory Policy.xlsx,SharePoint,2026-02-20,success,2026-02-20T02:00:44.809Z,2026-02-20T02:00:51.240Z,,2026-02-20T02:00:51.240Z,0,system,Ingested from SharePoint
BATCH_20260220_020032_90127d,EXEC_4_20260220_020046_2136f3,4,ID Pricing.xlsx,/sites/BelivData/Shared Documents/Finanzas/1.RGM/ID Pricing.xlsx,SharePoint,2026-02-20,success,2026-02-20T02:00:46.176Z,2026-02-20T02:00:50.600Z,,2026-02-20T02:00:50.600Z,0,system,Ingested from SharePoint
BATCH_20260220_020032_90127d,EXEC_9_20260220_020044_4f81fa,9,Masterplanprocurement.xlsx,/sites/BelivData/Shared Documents/Supply/8.Procurement/Masterplanprocurement.xlsx,SharePoint,2026-02-20,success,2026-02-20T02:00:44.575Z,2026-02-20T02:00:49.095Z,,2026-02-20T02:00:49.095Z,0,system,Ingested from SharePoint
BATCH_20260220_020032_90127d,EXEC_8_20260220_020036_0c2313,8,ScheduledReceiptRequisition PT.xlsx,/sites/BelivData/Shared Documents/Supply/11.ReceiptRequisition/ScheduledReceiptRequisition PT.xlsx,SharePoint,2026-02-20,success,2026-02-20T02:00:36.239Z,2026-02-20T02:00:41.082Z,,2026-02-20T02:00:41.082Z,0,system,Ingested from SharePoint
BATCH_20260219_083540_21e108,EXEC_7_20260219_083630_14678b,7,sku_producing-plant.xlsx,/sites/BelivData/Shared Documents/Supply/11.ReceiptRequisition/sku_producing-plant.xlsx,SharePoint,2026-02-19,success,2026-02-19T08:36:30.533Z,2026-02-19T08:36:34.207Z,,2026-02-19T08:36:34.207Z,0,system,Ingested from SharePoint
BATCH_20260219_083540_21e108,EXEC_10_20260219_083628_baf338,10,DATA_COSTOS_TRANSFORMADOS_COMPLETO.xlsx,/sites/BelivData/Shared Documents/Supply/9.Cost/DATA_COSTOS_TRANSFORMADOS_COMPLETO.xlsx,SharePoint,2026-02-19,success,2026-02-19T08:36:28.308Z,2026-02-19T08:36:32.410Z,,2026-02-19T08:36:32.410Z,0,system,Ingested from SharePoint
BATCH_20260219_083540_21e108,EXEC_12_20260219_083619_8fe85d,12,Initial Inventory - Bill Of Material.xlsx,/sites/BelivData/Shared Documents/Supply/7.BillOfMaterials/Initial Inventory - Bill Of Material.xlsx,SharePoint,2026-02-19,success,2026-02-19T08:36:19.784Z,2026-02-19T08:36:22.117Z,,2026-02-19T08:36:22.117Z,0,system,Ingested from SharePoint
BATCH_20260219_083540_21e108,EXEC_13_20260219_083616_940d55,13,00. Calendar Holidays.xlsx,/sites/BelivData/Shared Documents/Supply/10.Calendar/00. Calendar Holidays.xlsx,SharePoint,2026-02-19,success,2026-02-19T08:36:16.911Z,2026-02-19T08:36:18.921Z,,2026-02-19T08:36:18.921Z,0,system,Ingested from SharePoint
BATCH_20260219_083540_21e108,EXEC_8_20260219_083612_ac6289,8,ScheduledReceiptRequisition PT.xlsx,/sites/BelivData/Shared Documents/Supply/11.ReceiptRequisition/ScheduledReceiptRequisition PT.xlsx,SharePoint,2026-02-19,success,2026-02-19T08:36:12.193Z,2026-02-19T08:36:14.885Z,,2026-02-19T08:36:14.885Z,0,system,Ingested from SharePoint
BATCH_20260219_083540_21e108,EXEC_13_20260219_083552_2b20ad,13,00. Calendar Holidays.xlsx,/sites/BelivData/Shared Documents/Supply/10.Calendar/00. Calendar Holidays.xlsx,SharePoint,2026-02-19,failed,2026-02-19T08:35:52.039Z,2026-02-19T08:36:07.046Z,"[DELTA_CONCURRENT_APPEND] ConcurrentAppendException: Files were added to the root of the table by a concurrent update. Please try the operation again.
Conflicting commit: {""timestamp"":1771511766536,""userId"":""488932038608523"",""userName"":""nsira@be-liv-externos.com"",""operation"":""UPDATE"",""operationParameters"":{""predicate"":""[\""(execution_id#138983 = EXEC_8_20260219_083551_cedff5)\""]""},""readVersion"":20053,""isolationLevel"":""WriteSerializable"",""isBlindAppend"":false,""operationMetrics"":{""numRemovedFiles"":""1"",""numRemovedBytes"":""7895"",""numCopiedRows"":""0"",""numDeletionVectorsAdded"":""0"",""executionTimeMs"":""1100"",""numDeletionVectorsUpdated"":""0"",""scanTimeMs"":""206"",""numAddedFiles"":""1"",""numUpdatedRows"":""1"",""numDeletionVectorsRemoved"":""0"",""numAddedChangeFiles"":""0"",""numAddedBytes"":""13136"",""rewriteTimeMs"":""894""},""tags"":{""noRowsCopied"":""false"",""delta.rowTracking.preserved"":""false"",""restoresDeletedRows"":""false""},""engineInfo"":""Databricks-Runtime/17.3.x-aarch64-photon-scala2.13"",""txnId"":""13be705c-d50c-45fa-9ee4-f13e9d9dcc3d""}
Refer to https://docs.microsoft.com/azure/databricks/delta/concurrency-control for more details.",2026-02-19T08:36:07.046Z,0,system,Ingested from SharePoint
BATCH_20260219_083540_21e108,EXEC_7_20260219_083551_3d40ae,7,sku_producing-plant.xlsx,/sites/BelivData/Shared Documents/Supply/11.ReceiptRequisition/sku_producing-plant.xlsx,SharePoint,2026-02-19,failed,2026-02-19T08:35:51.251Z,2026-02-19T08:36:05.529Z,"[DELTA_CONCURRENT_APPEND] ConcurrentAppendException: Files were added to the root of the table by a concurrent update. Please try the operation again.
Conflicting commit: {""timestamp"":1771511764439,""userId"":""488932038608523"",""userName"":""nsira@be-liv-externos.com"",""operation"":""UPDATE"",""operationParameters"":{""predicate"":""[\""(execution_id#135268 = EXEC_11_20260219_083552_42966c)\""]""},""readVersion"":20052,""isolationLevel"":""WriteSerializable"",""isBlindAppend"":false,""operationMetrics"":{""numRemovedFiles"":""1"",""numRemovedBytes"":""7788"",""numCopiedRows"":""0"",""numDeletionVectorsAdded"":""0"",""executionTimeMs"":""2235"",""numDeletionVectorsUpdated"":""0"",""scanTimeMs"":""901"",""numAddedFiles"":""1"",""numUpdatedRows"":""1"",""numDeletionVectorsRemoved"":""0"",""numAddedChangeFiles"":""0"",""numAddedBytes"":""7897"",""rewriteTimeMs"":""1334""},""tags"":{""noRowsCopied"":""false"",""delta.rowTracking.preserved"":""false"",""restoresDeletedRows"":""false""},""engineInfo"":""Databricks-Runtime/17.3.x-aarch64-photon-scala2.13"",""txnId"":""df7d4d98-f0bb-4605-92cb-63da439025d1""}
Refer to https://docs.microsoft.com/azure/databricks/delta/concurrency-control for more details.",2026-02-19T08:36:05.529Z,0,system,Ingested from SharePoint
