sku_description,client_name,id_producing_plant,producing_plant,type,moq,lead_time,safety_stock,ratio,client_code,sku_code,integration_id,record_key_hash,execution_id,workflow_execution_id,create_timestamp,last_updated_timestamp
PETIT TWIST KF 500ML PET X24 RD,Impadoel,SP00,Livsmart,Finish Good,25,30,45,1.0,2108340,BA020236,BA020236~PETIT TWIST KF 500ML PET X24 RD~2108340~Impadoel~SP00~Livsmart~25~30~45~1.0,b4a7d61acc1bcf7f531aed823f9b9effa5431c006ac3b1ee20c058c8d15ab507,0cdecdc3-c0eb-4045-9afa-6a9f02987d3e,84d7cdd0-cb72-42e5-9402-5569752e42b0,2026-02-20T09:05:51.537Z,2026-02-25T12:15:45.456Z
TROPICAL PROM FRESA 2000ML PET,The_Tesalia,400000105,Tesalia,Concentrado,25,30,45,1.0,30001,BA000784,BA000784~TROPICAL PROM FRESA 2000ML PET~30001~The_Tesalia~400000105~Tesalia~25~30~45~1.0,2b9f9a766cb80b6fe3e4f273dad9b0fe58958d04e9074f6326e521f370b5e409,0cdecdc3-c0eb-4045-9afa-6a9f02987d3e,84d7cdd0-cb72-42e5-9402-5569752e42b0,2026-02-20T09:05:51.537Z,2026-02-25T12:15:45.456Z
Petit Jugazzo Pera Lata 330ml,Recinos,SP00,Livsmart,Finish Good,25,30,45,1.0,66624,AA486209,AA486209~Petit Jugazzo Pera Lata 330ml~66624~Recinos~SP00~Livsmart~25~30~45~1.0,09fb4ab0caac8a74cbda6c5fb74aa42722090f2ee118d6953d1862b93682fac9,0cdecdc3-c0eb-4045-9afa-6a9f02987d3e,84d7cdd0-cb72-42e5-9402-5569752e42b0,2026-02-20T09:05:51.537Z,2026-02-25T12:15:45.456Z
FRUTARIS MANZANA 2000 ML PET X 6,The_Tesalia,400000105,Tesalia,Concentrado,25,30,45,1.0,30001,BA001471,BA001471~FRUTARIS MANZANA 2000 ML PET X 6~30001~The_Tesalia~400000105~Tesalia~25~30~45~1.0,7dc0ead419f41429dde332a911faf67605008603aedefe8b56dd4c1c1018b594,0cdecdc3-c0eb-4045-9afa-6a9f02987d3e,84d7cdd0-cb72-42e5-9402-5569752e42b0,2026-02-20T09:05:51.537Z,2026-02-25T12:15:45.456Z
Petit Fruit Punch 1 Litro Prisma  DO,MITCHELL A. MICHAEL LIMIT,SP00,Livsmart,Finish Good,25,30,45,1.0,66821,BA004906,BA004906~Petit Fruit Punch 1 Litro Prisma  DO~66821~MITCHELL A. MICHAEL LIMIT~SP00~Livsmart~25~30~45~1.0,eeb9c8d7e6ba39002c3245e1c1877edcb0f29d6b74a69956960c312933c89bba,0cdecdc3-c0eb-4045-9afa-6a9f02987d3e,84d7cdd0-cb72-42e5-9402-5569752e42b0,2026-02-20T09:05:51.537Z,2026-02-25T12:15:45.456Z
Frutaris Manzana,Tesalia,100009700,FISA,Concentrado,25,30,45,1.0,400000105,427336,427336~Frutaris Manzana~400000105~Tesalia~100009700~FISA~25~30~45~1.0,d3c853af178331d9f347dab4fb9fa5f94f49c8990a2d532e407ce168761be317,0cdecdc3-c0eb-4045-9afa-6a9f02987d3e,84d7cdd0-cb72-42e5-9402-5569752e42b0,2026-02-20T09:05:51.537Z,2026-02-25T12:15:45.456Z
NectarPetit FruitPunch 24/200mlDominican,Recinos,SP00,Livsmart,Finish Good,25,30,45,1.0,66624,BA004897,BA004897~NectarPetit FruitPunch 24/200mlDominican~66624~Recinos~SP00~Livsmart~25~30~45~1.0,b43397da8e92f3a7b62a380fa3a4871637a8b29fa082ea67fb678090219ea286,0cdecdc3-c0eb-4045-9afa-6a9f02987d3e,84d7cdd0-cb72-42e5-9402-5569752e42b0,2026-02-20T09:05:51.537Z,2026-02-25T12:15:45.456Z
FRUTA FRESCA FRUIT PUNCH 12/500ML PET,Impadoel,SP00,Livsmart,Finish Good,25,30,45,1.0,2108340,BA006108,BA006108~FRUTA FRESCA FRUIT PUNCH 12/500ML PET~2108340~Impadoel~SP00~Livsmart~25~30~45~1.0,55d14b46d1abee64270936a1fdb21c5de4fde9c480b26ef940023fe7083cf435,0cdecdc3-c0eb-4045-9afa-6a9f02987d3e,84d7cdd0-cb72-42e5-9402-5569752e42b0,2026-02-20T09:05:51.537Z,2026-02-25T12:15:45.456Z
Grapette 500 ML GRB labels x24,Embotelladora_La_Mariposa,GP00,Mariposa,Concentrado,25,30,45,1.0,66328,BA011117,BA011117~Grapette 500 ML GRB labels x24~66328~Embotelladora_La_Mariposa~GP00~Mariposa~25~30~45~1.0,accd2a3fca2b1eab42713c678f9ca7c44afec6f6e6b82bda3179b96242dbc8f1,0cdecdc3-c0eb-4045-9afa-6a9f02987d3e,84d7cdd0-cb72-42e5-9402-5569752e42b0,2026-02-20T09:05:51.537Z,2026-02-25T12:15:45.456Z
GINGER BEER CONC. SC340480,Jamaica Exports (PCJ),100010034,IFF,Concentrado,25,30,45,1.0,J001,426243,426243~GINGER BEER CONC. SC340480~J001~Jamaica Exports (PCJ)~100010034~IFF~25~30~45~1.0,5830f607031040d4e3a65abc98533a6a9c516323106ed2da655a662799d096d1,0cdecdc3-c0eb-4045-9afa-6a9f02987d3e,84d7cdd0-cb72-42e5-9402-5569752e42b0,2026-02-20T09:05:51.537Z,2026-02-25T12:15:45.456Z
BEBIDA PETIT SURT 200ML 24/6PK COR,Recinos,SP00,Livsmart,Finish Good,25,30,45,1.0,66624,BA019174,BA019174~BEBIDA PETIT SURT 200ML 24/6PK COR~66624~Recinos~SP00~Livsmart~25~30~45~1.0,658f1348984c606c1ff09f4fdec706fc8a7c92386827f418992aaf6d0bd617df,0cdecdc3-c0eb-4045-9afa-6a9f02987d3e,84d7cdd0-cb72-42e5-9402-5569752e42b0,2026-02-20T09:05:51.537Z,2026-02-25T12:15:45.456Z
Nectar Petit Fb 24/330 Ml Lata Fda,Skandra s.a.,SP00,Livsmart,Finish Good,25,30,45,1.0,67075,BA010951,BA010951~Nectar Petit Fb 24/330 Ml Lata Fda~67075~Skandra s.a.~SP00~Livsmart~25~30~45~1.0,b4d91627a86d0e708e6b7dcf89715428810effd920864e06db7530b7bdb5dc44,0cdecdc3-c0eb-4045-9afa-6a9f02987d3e,84d7cdd0-cb72-42e5-9402-5569752e42b0,2026-02-20T09:05:51.537Z,2026-02-25T12:15:45.456Z
Nectar Petit Manzana 24PK 330MlCan,WORLDWIDE,SP00,Livsmart,Finish Good,25,30,45,1.0,67202,AA279077,AA279077~Nectar Petit Manzana 24PK 330MlCan~67202~WORLDWIDE~SP00~Livsmart~25~30~45~1.0,4e841d0d153bd716bc0a9de809c732f40f225545cfe7ac52983cfd7e15c86a05,0cdecdc3-c0eb-4045-9afa-6a9f02987d3e,84d7cdd0-cb72-42e5-9402-5569752e42b0,2026-02-20T09:05:51.537Z,2026-02-25T12:15:45.456Z
Grapette 355 Ml LATA *120CJ,Embotelladora_La_Mariposa,GP00,Mariposa,Concentrado,25,30,45,1.0,66328,BA023164,BA023164~Grapette 355 Ml LATA *120CJ~66328~Embotelladora_La_Mariposa~GP00~Mariposa~25~30~45~1.0,a5636cb6dc36482cc54dff1e795b3550474c19f1fd49a308837b85768bd26efa,0cdecdc3-c0eb-4045-9afa-6a9f02987d3e,84d7cdd0-cb72-42e5-9402-5569752e42b0,2026-02-20T09:05:51.537Z,2026-02-25T12:15:45.456Z
Tropical Fresa 3785 ml Pet x 4,The_Tesalia,400000105,Tesalia,Concentrado,25,30,45,1.0,30001,BA000786,BA000786~Tropical Fresa 3785 ml Pet x 4~30001~The_Tesalia~400000105~Tesalia~25~30~45~1.0,67c025b6566c06f758ec4dfa79d3477550247bd520796c95ceaf291f7eaa54e8,0cdecdc3-c0eb-4045-9afa-6a9f02987d3e,84d7cdd0-cb72-42e5-9402-5569752e42b0,2026-02-20T09:05:51.537Z,2026-02-25T12:15:45.456Z
NECTAR PETIT GUAYABA 1 LITRO PRISMA,Feduro,SP00,Livsmart,Finish Good,25,30,45,1.0,66367,BA005453,BA005453~NECTAR PETIT GUAYABA 1 LITRO PRISMA~66367~Feduro~SP00~Livsmart~25~30~45~1.0,73c13a7a2c1c5422375979b7c0fa39325956e95b919e1b3e8443f498faf97124,0cdecdc3-c0eb-4045-9afa-6a9f02987d3e,84d7cdd0-cb72-42e5-9402-5569752e42b0,2026-02-20T09:05:51.537Z,2026-02-25T12:15:45.456Z
NECTAR PETIT DURAZNO 12/1000 PRISM KA,Kasim,SP00,Livsmart,Finish Good,25,30,45,1.0,66377,BA007452,BA007452~NECTAR PETIT DURAZNO 12/1000 PRISM KA~66377~Kasim~SP00~Livsmart~25~30~45~1.0,26d368eb258ce4afd323e361ef174dc3ff6c6d0f61361b4e3b853eb27837bd81,0cdecdc3-c0eb-4045-9afa-6a9f02987d3e,84d7cdd0-cb72-42e5-9402-5569752e42b0,2026-02-20T09:05:51.537Z,2026-02-25T12:15:45.456Z
SALUTARIS 355 ML LATA X 24 EXPO RD,Corripio,GP00,Mariposa,Finish Good,25,30,45,0.1,66274,BA011264,BA011264~SALUTARIS 355 ML LATA X 24 EXPO RD~66274~Corripio~GP00~Mariposa~25~30~45~0.1,1a1c24bc61f26ad6d91e61e5fd566353c1bf0f29181bf5f74ff5b92ef1aaacc2,0cdecdc3-c0eb-4045-9afa-6a9f02987d3e,84d7cdd0-cb72-42e5-9402-5569752e42b0,2026-02-20T09:05:51.537Z,2026-02-25T12:15:45.456Z
Tropical 355 ML GRB x 24,The_Tesalia,400000105,Tesalia,Concentrado,25,30,45,1.0,30001,BA017078,BA017078~Tropical 355 ML GRB x 24~30001~The_Tesalia~400000105~Tesalia~25~30~45~1.0,34be8dca8813d544fc2cdf345005f958208025e973f1686aa615dad6022862ee,0cdecdc3-c0eb-4045-9afa-6a9f02987d3e,84d7cdd0-cb72-42e5-9402-5569752e42b0,2026-02-20T09:05:51.537Z,2026-02-25T12:15:45.456Z
24 PACK JUGAZZO DJ 24/330 ML,Feduro,SP00,Livsmart,Finish Good,25,30,45,1.0,66367,AA291191,AA291191~24 PACK JUGAZZO DJ 24/330 ML~66367~Feduro~SP00~Livsmart~25~30~45~1.0,c8c0ab9589951f353fa605f426686620ba73bc0a28611c89c14c1c6af2de13a2,0cdecdc3-c0eb-4045-9afa-6a9f02987d3e,84d7cdd0-cb72-42e5-9402-5569752e42b0,2026-02-20T09:05:51.537Z,2026-02-25T12:15:45.456Z
NECTAR PETIT MANGO 12/1000 PRISMA KA,Kasim,SP00,Livsmart,Finish Good,25,30,45,1.0,66377,BA007455,BA007455~NECTAR PETIT MANGO 12/1000 PRISMA KA~66377~Kasim~SP00~Livsmart~25~30~45~1.0,783598a3e06bb74f194ea5fc0b0e1f97eb8047ea21691cf50e7eafe82c442908,0cdecdc3-c0eb-4045-9afa-6a9f02987d3e,84d7cdd0-cb72-42e5-9402-5569752e42b0,2026-02-20T09:05:51.537Z,2026-02-25T12:15:45.456Z
Nectar Petit Fresa Banano 24/200ml R.D,Recinos,SP00,Livsmart,Finish Good,25,30,45,1.0,66624,BA004899,BA004899~Nectar Petit Fresa Banano 24/200ml R.D~66624~Recinos~SP00~Livsmart~25~30~45~1.0,3e414261f3acfd944ba69f108519c4966d549da8c6d39fb8486c05b38c093b46,0cdecdc3-c0eb-4045-9afa-6a9f02987d3e,84d7cdd0-cb72-42e5-9402-5569752e42b0,2026-02-20T09:05:51.537Z,2026-02-25T12:15:45.456Z
Nectar Petit Manzana 24/330 Ml Dcp,REVIVE TRADING,SP00,Livsmart,Finish Good,25,30,45,1.0,68371,AA583077,AA583077~Nectar Petit Manzana 24/330 Ml Dcp~68371~REVIVE TRADING~SP00~Livsmart~25~30~45~1.0,bf5086d78b5ec6076528cd4b21e702e1460a471f4b822c0dade2a156359c08fe,0cdecdc3-c0eb-4045-9afa-6a9f02987d3e,84d7cdd0-cb72-42e5-9402-5569752e42b0,2026-02-20T09:05:51.537Z,2026-02-25T12:15:45.456Z
3 PACK PETIT FRESA BANANO 200ML,Kasim,SP00,Livsmart,Finish Good,25,30,45,1.0,66377,AA648690,AA648690~3 PACK PETIT FRESA BANANO 200ML~66377~Kasim~SP00~Livsmart~25~30~45~1.0,b0323dfef75a26206c2b2012211b783a17e9cf2dda6e61ddeb8afe41d5d3cb44,0cdecdc3-c0eb-4045-9afa-6a9f02987d3e,84d7cdd0-cb72-42e5-9402-5569752e42b0,2026-02-20T09:05:51.537Z,2026-02-25T12:15:45.456Z
Ting 2 Liters Export,Sunburst_Trading,100011087,Brooklyn BM,Finish Good,25,30,45,1.0,66318,AA760392,AA760392~Ting 2 Liters Export~66318~Sunburst_Trading~100011087~Brooklyn BM~25~30~45~1.0,5ec2345460bd99ae916586f123570a58145681a0a9757cf1fcb758a545676659,0cdecdc3-c0eb-4045-9afa-6a9f02987d3e,84d7cdd0-cb72-42e5-9402-5569752e42b0,2026-02-20T09:05:51.537Z,2026-02-25T12:15:45.456Z
JUGAZZO PETIT DZ 24/320 ML LATA,Transmundi,SP00,Livsmart,Finish Good,25,30,45,1.0,2067820,BA017368,BA017368~JUGAZZO PETIT DZ 24/320 ML LATA~2067820~Transmundi~SP00~Livsmart~25~30~45~1.0,6790fded6019aac48b678bd6db57167a5498307e543d5193ceb08d295e768048,0cdecdc3-c0eb-4045-9afa-6a9f02987d3e,84d7cdd0-cb72-42e5-9402-5569752e42b0,2026-02-20T09:05:51.537Z,2026-02-25T12:15:45.456Z
Nectar Petit Mango 12/1000 Prisma KA,WORLDWIDE,SP00,Livsmart,Finish Good,25,30,45,1.0,67202,BA007455,BA007455~Nectar Petit Mango 12/1000 Prisma KA~67202~WORLDWIDE~SP00~Livsmart~25~30~45~1.0,961ff8fb2d8c0d2e4440fb4f0ef21d952eec25501c7e6f296ccd961610c298d6,0cdecdc3-c0eb-4045-9afa-6a9f02987d3e,84d7cdd0-cb72-42e5-9402-5569752e42b0,2026-02-20T09:05:51.537Z,2026-02-25T12:15:45.456Z
Nectar Petit Pera 24/330 Ml Lata Map,Recinos,SP00,Livsmart,Finish Good,25,30,45,1.0,66624,BA007811,BA007811~Nectar Petit Pera 24/330 Ml Lata Map~66624~Recinos~SP00~Livsmart~25~30~45~1.0,5e3ab7af8a18611be3e8a2fe8a56a3f2bf2c7268c35d5acaef0eb8f0c478a8b8,0cdecdc3-c0eb-4045-9afa-6a9f02987d3e,84d7cdd0-cb72-42e5-9402-5569752e42b0,2026-02-20T09:05:51.537Z,2026-02-25T12:15:45.456Z
MANGO TRIPACK PETIT TETRA CAJA 200 ML,Kasim,SP00,Livsmart,Finish Good,25,30,45,1.0,66377,AA648133,AA648133~MANGO TRIPACK PETIT TETRA CAJA 200 ML~66377~Kasim~SP00~Livsmart~25~30~45~1.0,b450d94a5e9f542ea89774f943f0443239dee9dbacf53a7ac395f9f9778c25fc,0cdecdc3-c0eb-4045-9afa-6a9f02987d3e,84d7cdd0-cb72-42e5-9402-5569752e42b0,2026-02-20T09:05:51.537Z,2026-02-25T12:15:45.456Z
Nectar Petit Mango 12/1000 Prisma KA,Skandra s.a.,SP00,Livsmart,Finish Good,25,30,45,1.0,67075,BA007455,BA007455~Nectar Petit Mango 12/1000 Prisma KA~67075~Skandra s.a.~SP00~Livsmart~25~30~45~1.0,f38a13428fd780b64fa78a0396fb890e4eb1a2210569f866f793ee3d9990f68f,0cdecdc3-c0eb-4045-9afa-6a9f02987d3e,84d7cdd0-cb72-42e5-9402-5569752e42b0,2026-02-20T09:05:51.537Z,2026-02-25T12:15:45.456Z
Petit Fruit Punch 1 Litro Prisma  DO,Recinos,SP00,Livsmart,Finish Good,25,30,45,1.0,66624,BA004906,BA004906~Petit Fruit Punch 1 Litro Prisma  DO~66624~Recinos~SP00~Livsmart~25~30~45~1.0,f9df8fb18ef499a0edfc5bfca1f272bfc20d170d8121419cf37a6b11779fee58,0cdecdc3-c0eb-4045-9afa-6a9f02987d3e,84d7cdd0-cb72-42e5-9402-5569752e42b0,2026-02-20T09:05:51.537Z,2026-02-25T12:15:45.456Z
PETIT ENERGY PÑ-NR-JNG DC 330ML*24,Kasim,SP00,Livsmart,Finish Good,25,30,45,1.0,66377,BA017302,BA017302~PETIT ENERGY PÑ-NR-JNG DC 330ML*24~66377~Kasim~SP00~Livsmart~25~30~45~1.0,0c567f9f5a72b6fb2f82f9f3323ec6aba045823d5cefe8ec6fc731a532029ec6,0cdecdc3-c0eb-4045-9afa-6a9f02987d3e,84d7cdd0-cb72-42e5-9402-5569752e42b0,2026-02-20T09:05:51.537Z,2026-02-25T12:15:45.456Z
Grapette 650 ML PET X24,Embotelladora_La_Mariposa,GP00,Mariposa,Concentrado,25,30,45,1.0,66328,BA021553,BA021553~Grapette 650 ML PET X24~66328~Embotelladora_La_Mariposa~GP00~Mariposa~25~30~45~1.0,521505a7dbe0fe6f31891c143252b84c949ba82280a5089953ee7c872bac5d02,0cdecdc3-c0eb-4045-9afa-6a9f02987d3e,84d7cdd0-cb72-42e5-9402-5569752e42b0,2026-02-20T09:05:51.537Z,2026-02-25T12:15:45.456Z
NECTAR PETIT MZ 330ML,Transmundi,SP00,Livsmart,Finish Good,25,30,45,1.0,2067820,BA014814,BA014814~NECTAR PETIT MZ 330ML~2067820~Transmundi~SP00~Livsmart~25~30~45~1.0,6fbc5d01402afd3a33518948861781af1d65a9686f72ee81bdf336b665fad4a1,0cdecdc3-c0eb-4045-9afa-6a9f02987d3e,84d7cdd0-cb72-42e5-9402-5569752e42b0,2026-02-20T09:05:51.537Z,2026-02-25T12:15:45.456Z
Nectar Petit Durazno 24/330 Ml Lata Fda,Skandra s.a.,SP00,Livsmart,Finish Good,25,30,45,1.0,67075,BA010917,BA010917~Nectar Petit Durazno 24/330 Ml Lata Fda~67075~Skandra s.a.~SP00~Livsmart~25~30~45~1.0,823b82f69d69cfe0c2e1d1ade03c8a4b569103835f72589b2e7e64c38c357ea8,0cdecdc3-c0eb-4045-9afa-6a9f02987d3e,84d7cdd0-cb72-42e5-9402-5569752e42b0,2026-02-20T09:05:51.537Z,2026-02-25T12:15:45.456Z
TROPICAL 300 ML PET X24,The_Tesalia,400000105,Tesalia,Concentrado,25,30,45,1.0,30001,BA018688,BA018688~TROPICAL 300 ML PET X24~30001~The_Tesalia~400000105~Tesalia~25~30~45~1.0,e379eb828fcc19b5d72fba09791b475839c2ab1ecc2d4d758f1bf301271d237d,0cdecdc3-c0eb-4045-9afa-6a9f02987d3e,84d7cdd0-cb72-42e5-9402-5569752e42b0,2026-02-20T09:05:51.537Z,2026-02-25T12:15:45.456Z
Nectar Petit Fruit Punch24/330Ml Lat Fda,Skandra s.a.,SP00,Livsmart,Finish Good,25,30,45,1.0,67075,BA010922,BA010922~Nectar Petit Fruit Punch24/330Ml Lat Fda~67075~Skandra s.a.~SP00~Livsmart~25~30~45~1.0,ef93e1105e9a69e011891f79e5608a1dbd4c23d4b7e15c84504c4c4be748e333,0cdecdc3-c0eb-4045-9afa-6a9f02987d3e,84d7cdd0-cb72-42e5-9402-5569752e42b0,2026-02-20T09:05:51.537Z,2026-02-25T12:15:45.456Z
GUITIG EXP  2000 ML PET X6,Iberia_Foods_NY,400000105,Tesalia,Finish Good,25,30,45,1.0,66317,BA020053,BA020053~GUITIG EXP  2000 ML PET X6~66317~Iberia_Foods_NY~400000105~Tesalia~25~30~45~1.0,ed99b9c7c31503a1752b1c8d3439230e46432f60e15366b1c9d92196335f3ebe,0cdecdc3-c0eb-4045-9afa-6a9f02987d3e,84d7cdd0-cb72-42e5-9402-5569752e42b0,2026-02-20T09:05:51.537Z,2026-02-25T12:15:45.456Z
PROM MANZANA 300ML PET X24,The_Tesalia,400000105,Tesalia,Concentrado,25,30,45,1.0,30001,BA020447,BA020447~PROM MANZANA 300ML PET X24~30001~The_Tesalia~400000105~Tesalia~25~30~45~1.0,0d06a673efd14202d5fdf144c0540a1d908924434dbfcca5097f7dc457e70f0f,0cdecdc3-c0eb-4045-9afa-6a9f02987d3e,84d7cdd0-cb72-42e5-9402-5569752e42b0,2026-02-20T09:05:51.537Z,2026-02-25T12:15:45.456Z
Tropical Fresa PET 3000x12,The_Tesalia,400000105,Tesalia,Concentrado,25,30,45,1.0,30001,BA000785,BA000785~Tropical Fresa PET 3000x12~30001~The_Tesalia~400000105~Tesalia~25~30~45~1.0,9788152b1808eee206746cc5a1aee9aa11bc7b3a5f8538239d06da621d5c28cf,0cdecdc3-c0eb-4045-9afa-6a9f02987d3e,84d7cdd0-cb72-42e5-9402-5569752e42b0,2026-02-20T09:05:51.537Z,2026-02-25T12:15:45.456Z
NECTAR PETIT LIGHT MANGO 12/1LT PRISMA,Kasim,SP00,Livsmart,Finish Good,25,30,45,1.0,66377,BA001445,BA001445~NECTAR PETIT LIGHT MANGO 12/1LT PRISMA~66377~Kasim~SP00~Livsmart~25~30~45~1.0,6192998d21ae9f4bd175510cd836327a78dd9d6d3248b955cc4d32c238f65122,0cdecdc3-c0eb-4045-9afa-6a9f02987d3e,84d7cdd0-cb72-42e5-9402-5569752e42b0,2026-02-20T09:05:51.537Z,2026-02-25T12:15:45.456Z
PETIT JUGAZZO PERA TETRA 200ML,Transmundi,SP00,Livsmart,Finish Good,25,30,45,1.0,2067820,AA497209,AA497209~PETIT JUGAZZO PERA TETRA 200ML~2067820~Transmundi~SP00~Livsmart~25~30~45~1.0,02d766d69dcfaa1ec94e204eca24ff07f9741838af34f13b4c1d0df7c98a5e41,0cdecdc3-c0eb-4045-9afa-6a9f02987d3e,84d7cdd0-cb72-42e5-9402-5569752e42b0,2026-02-20T09:05:51.537Z,2026-02-25T12:15:45.456Z
NECTAR PETIT FB 12/1000 PRISMA KA,Kasim,SP00,Livsmart,Finish Good,25,30,45,1.0,66377,BA007454,BA007454~NECTAR PETIT FB 12/1000 PRISMA KA~66377~Kasim~SP00~Livsmart~25~30~45~1.0,95ed5f11b883412addc047327d73eb365aef8f661a024a074b62c7157afdcf48,0cdecdc3-c0eb-4045-9afa-6a9f02987d3e,84d7cdd0-cb72-42e5-9402-5569752e42b0,2026-02-20T09:05:51.537Z,2026-02-25T12:15:45.456Z
PINK TING US CUSTOMER 10OZ,Sunburst_Trading,100011087,Brooklyn BM,Finish Good,25,30,45,1.0,66318,AA780634,AA780634~PINK TING US CUSTOMER 10OZ~66318~Sunburst_Trading~100011087~Brooklyn BM~25~30~45~1.0,1b4fde4e753333b1b3af66615318094cd7014d19c9511f38d22d951da877fb6c,0cdecdc3-c0eb-4045-9afa-6a9f02987d3e,84d7cdd0-cb72-42e5-9402-5569752e42b0,2026-02-20T09:05:51.537Z,2026-02-25T12:15:45.456Z
JUGAZZO PETIT MZ 24/320 ML LATA,Transmundi,SP00,Livsmart,Finish Good,25,30,45,1.0,2067820,BA017367,BA017367~JUGAZZO PETIT MZ 24/320 ML LATA~2067820~Transmundi~SP00~Livsmart~25~30~45~1.0,a1d795a292059e02c881a457ed1575a1fa17773686dd2a4c2ab5384fd4d08786,0cdecdc3-c0eb-4045-9afa-6a9f02987d3e,84d7cdd0-cb72-42e5-9402-5569752e42b0,2026-02-20T09:05:51.537Z,2026-02-25T12:15:45.456Z
JUGAZZO PETIT PR 24/320 ML LATA,Transmundi,SP00,Livsmart,Finish Good,25,30,45,1.0,2067820,BA017369,BA017369~JUGAZZO PETIT PR 24/320 ML LATA~2067820~Transmundi~SP00~Livsmart~25~30~45~1.0,1f3db42757a186501a69cf7c3176f16403e8cb05639035459ac778c208fa2eff,0cdecdc3-c0eb-4045-9afa-6a9f02987d3e,84d7cdd0-cb72-42e5-9402-5569752e42b0,2026-02-20T09:05:51.537Z,2026-02-25T12:15:45.456Z
MANZANA 300 ML PET X24,The_Tesalia,400000105,Tesalia,Concentrado,25,30,45,1.0,30001,BA018686,BA018686~MANZANA 300 ML PET X24~30001~The_Tesalia~400000105~Tesalia~25~30~45~1.0,d42d1831010c9e9f6a0cd142f1617c553a523b80fa7b3066fda473ca4366625f,0cdecdc3-c0eb-4045-9afa-6a9f02987d3e,84d7cdd0-cb72-42e5-9402-5569752e42b0,2026-02-20T09:05:51.537Z,2026-02-25T12:15:45.456Z
24 PACK JUGAZZO ZJ 24/330 ML,Feduro,SP00,Livsmart,Finish Good,25,30,45,1.0,66367,AA291190,AA291190~24 PACK JUGAZZO ZJ 24/330 ML~66367~Feduro~SP00~Livsmart~25~30~45~1.0,d37eb2554e0bc8ef02eed2d1950ca3f632b669becfe96a76dd3f1ff4d2e81967,0cdecdc3-c0eb-4045-9afa-6a9f02987d3e,84d7cdd0-cb72-42e5-9402-5569752e42b0,2026-02-20T09:05:51.537Z,2026-02-25T12:15:45.456Z
SALUTARIS 24 PACK SURTIDO RD,Corripio,GP00,Mariposa,Finish Good,25,30,45,0.1,66274,BA017708,BA017708~SALUTARIS 24 PACK SURTIDO RD~66274~Corripio~GP00~Mariposa~25~30~45~0.1,dedff48978ad6d85cef9f1c3fa675a8c0bfa3e2770f1acc004fdcd990c9f4384,0cdecdc3-c0eb-4045-9afa-6a9f02987d3e,84d7cdd0-cb72-42e5-9402-5569752e42b0,2026-02-20T09:05:51.537Z,2026-02-25T12:15:45.456Z
BEBIDA PETIT DZ 330ML LATA X24 FDA,Corripio,SP00,Livsmart,Finish Good,25,30,45,1.0,66274,BA020757,BA020757~BEBIDA PETIT DZ 330ML LATA X24 FDA~66274~Corripio~SP00~Livsmart~25~30~45~1.0,62fa1e026b1d80220ab73f8a8a74a1594bcbde9559a60c4d2ba6ff8fe3d73a15,0cdecdc3-c0eb-4045-9afa-6a9f02987d3e,84d7cdd0-cb72-42e5-9402-5569752e42b0,2026-02-20T09:05:51.537Z,2026-02-25T12:15:45.456Z
Nectar Petit Mango 12/1000 Prisma KA,MITCHELL A. MICHAEL LIMIT,SP00,Livsmart,Finish Good,25,30,45,1.0,66821,BA007455,BA007455~Nectar Petit Mango 12/1000 Prisma KA~66821~MITCHELL A. MICHAEL LIMIT~SP00~Livsmart~25~30~45~1.0,5d33a4fde07e92db1344e8e4670cc827a032c2923430ae5cc8db6629f68c12d5,0cdecdc3-c0eb-4045-9afa-6a9f02987d3e,84d7cdd0-cb72-42e5-9402-5569752e42b0,2026-02-20T09:05:51.537Z,2026-02-25T12:15:45.456Z
NECTAR PETIT DURAZNO 12/1000 ML C/TERMO,Feduro,SP00,Livsmart,Finish Good,25,30,45,1.0,66367,AA881079,AA881079~NECTAR PETIT DURAZNO 12/1000 ML C/TERMO~66367~Feduro~SP00~Livsmart~25~30~45~1.0,cc8156c121dc74065f0b190a54fdc5b193472fe79e9d47960eb7c8d49e24972f,0cdecdc3-c0eb-4045-9afa-6a9f02987d3e,84d7cdd0-cb72-42e5-9402-5569752e42b0,2026-02-20T09:05:51.537Z,2026-02-25T12:15:45.456Z
Petit Manzana 24/200ML  H,Recinos,SP00,Livsmart,Finish Good,25,30,45,1.0,66624,BA021329,BA021329~Petit Manzana 24/200ML  H~66624~Recinos~SP00~Livsmart~25~30~45~1.0,327fa5d4c0fd4e43abf0d6642ca3f46e8a612fca1af44c3af3c7ec600b04fbd4,0cdecdc3-c0eb-4045-9afa-6a9f02987d3e,84d7cdd0-cb72-42e5-9402-5569752e42b0,2026-02-20T09:05:51.537Z,2026-02-25T12:15:45.456Z
PETIT DEFENSE NR-ZNH DC 330ML*24,Kasim,SP00,Livsmart,Finish Good,25,30,45,1.0,66377,BA017301,BA017301~PETIT DEFENSE NR-ZNH DC 330ML*24~66377~Kasim~SP00~Livsmart~25~30~45~1.0,fe71b8c381be0596ac2ba0bf5656e4f5629521e0a0fdae581c7141691d4233dc,0cdecdc3-c0eb-4045-9afa-6a9f02987d3e,84d7cdd0-cb72-42e5-9402-5569752e42b0,2026-02-20T09:05:51.537Z,2026-02-25T12:15:45.456Z
PETIT TWIST MORA UVA 500ML PET X24,Impadoel,SP00,Livsmart,Finish Good,25,30,45,1.0,2108340,BA019658,BA019658~PETIT TWIST MORA UVA 500ML PET X24~2108340~Impadoel~SP00~Livsmart~25~30~45~1.0,11e427f2483fdcfe8c4c45be1f38e7a626ca4668179eb15374f2caf93f238a07,0cdecdc3-c0eb-4045-9afa-6a9f02987d3e,84d7cdd0-cb72-42e5-9402-5569752e42b0,2026-02-20T09:05:51.537Z,2026-02-25T12:15:45.456Z
FOAMING HEADING AGENT,Canadá_NationalDry,100010034,IFF,Concentrado,25,30,45,1.0,100010426,436528,436528~FOAMING HEADING AGENT~100010426~Canadá_NationalDry~100010034~IFF~25~30~45~1.0,292c1c4f18a0376e2b77c53c3e65f431059eda6942b0ca853c4b548c6d3c1dc7,0cdecdc3-c0eb-4045-9afa-6a9f02987d3e,84d7cdd0-cb72-42e5-9402-5569752e42b0,2026-02-20T09:05:51.537Z,2026-02-25T12:15:45.456Z
NECTAR PETIT LIGHT DURAZNO 12/1LT PRISMA,Kasim,SP00,Livsmart,Finish Good,25,30,45,1.0,66377,BA001444,BA001444~NECTAR PETIT LIGHT DURAZNO 12/1LT PRISMA~66377~Kasim~SP00~Livsmart~25~30~45~1.0,f4a73f44408ae876ff593dda8590608a8f44c6660fbbaea6b69bf1fb2a2fd076,0cdecdc3-c0eb-4045-9afa-6a9f02987d3e,84d7cdd0-cb72-42e5-9402-5569752e42b0,2026-02-20T09:05:51.537Z,2026-02-25T12:15:45.456Z
PETIT ENERGY PÑ-NR-JNG DC 330ML*24,Corripio,SP00,Livsmart,Finish Good,25,30,45,1.0,66274,BA017302,BA017302~PETIT ENERGY PÑ-NR-JNG DC 330ML*24~66274~Corripio~SP00~Livsmart~25~30~45~1.0,59af0e3bcbed772df2727a6ac0ae6aac964f5d5020c8b0fe8c2b5a3d3fb5e0d1,0cdecdc3-c0eb-4045-9afa-6a9f02987d3e,84d7cdd0-cb72-42e5-9402-5569752e42b0,2026-02-20T09:05:51.537Z,2026-02-25T12:15:45.456Z
D&G GINGER BEER SODA 24/20 OZ,C.E.L._Distributors,J001,Jamaica Exports (PCJ),Finish Good,25,30,45,1.0,66402,AA761602,AA761602~D&G GINGER BEER SODA 24/20 OZ~66402~C.E.L._Distributors~J001~Jamaica Exports (PCJ)~25~30~45~1.0,26a16ff174a3841dfaef34f7aaff2f53756775c23536e8fb1afbe43c1438a865,0cdecdc3-c0eb-4045-9afa-6a9f02987d3e,84d7cdd0-cb72-42e5-9402-5569752e42b0,2026-02-20T09:05:51.537Z,2026-02-25T12:15:45.456Z
TING 3L PET * 6,Impadoel,GP00,Mariposa,Finish Good,25,30,45,1.0,2108340,BA011726,BA011726~TING 3L PET * 6~2108340~Impadoel~GP00~Mariposa~25~30~45~1.0,4abc2eab9432441df5a6f45f3f75da79f1abacef20f54b2449c8b55a72a84291,0cdecdc3-c0eb-4045-9afa-6a9f02987d3e,84d7cdd0-cb72-42e5-9402-5569752e42b0,2026-02-20T09:05:51.537Z,2026-02-25T12:15:45.456Z
Grapette 355 Ml PET *112CJ,Mares,GP00,Mariposa,Concentrado,25,30,45,1.0,2060885,AA685006,AA685006~Grapette 355 Ml PET *112CJ~2060885~Mares~GP00~Mariposa~25~30~45~1.0,037aa1b7915330c81b50277e29bf1c5ca5e3936abfc561c6cefa5cb88ee97aaa,0cdecdc3-c0eb-4045-9afa-6a9f02987d3e,84d7cdd0-cb72-42e5-9402-5569752e42b0,2026-02-20T09:05:51.537Z,2026-02-25T12:15:45.456Z
PINK TING US CUSTOMER 10OZ,Iberia_Foods_NE,100011087,Brooklyn BM,Finish Good,25,30,45,1.0,66310,AA780634,AA780634~PINK TING US CUSTOMER 10OZ~66310~Iberia_Foods_NE~100011087~Brooklyn BM~25~30~45~1.0,8ed30b48c11830028541fef8ef677181eaae98fa2f4ea6d6f60aa89b0e9b5ca0,0cdecdc3-c0eb-4045-9afa-6a9f02987d3e,84d7cdd0-cb72-42e5-9402-5569752e42b0,2026-02-20T09:05:51.537Z,2026-02-25T12:15:45.456Z
Nectar Petit Naranja 12/1000 Prism Kasim,REVIVE TRADING,SP00,Livsmart,Finish Good,25,30,45,1.0,68371,BA007458,BA007458~Nectar Petit Naranja 12/1000 Prism Kasim~68371~REVIVE TRADING~SP00~Livsmart~25~30~45~1.0,8fc7a2a5b7c23d655b7efcae877f50022db202f0acc4a403f3b33f9900265a4b,0cdecdc3-c0eb-4045-9afa-6a9f02987d3e,84d7cdd0-cb72-42e5-9402-5569752e42b0,2026-02-20T09:05:51.537Z,2026-02-25T12:15:45.456Z
220V Original Preserve B2-I-1 (BENZOATO),Peru,100015087,Givaudan,Concentrado,25,30,45,1.0,RP04,437123,437123~220V Original Preserve B2-I-1 (BENZOATO)~RP04~Peru~100015087~Givaudan~25~30~45~1.0,b6884ff7eedbc55a4b2acf38bba87fbed34b94069c019ff50174847d02f4ac39,0cdecdc3-c0eb-4045-9afa-6a9f02987d3e,84d7cdd0-cb72-42e5-9402-5569752e42b0,2026-02-20T09:05:51.537Z,2026-02-25T12:15:45.456Z
4/6 Pack Jugazzo 24/200ML Tetra,Transmundi,SP00,Livsmart,Finish Good,25,30,45,1.0,2067820,AA285202,AA285202~4/6 Pack Jugazzo 24/200ML Tetra~2067820~Transmundi~SP00~Livsmart~25~30~45~1.0,f6c61dc87beb4a989eed4d495a761741cbce6a6cad51ffdf91382b5559fed626,0cdecdc3-c0eb-4045-9afa-6a9f02987d3e,84d7cdd0-cb72-42e5-9402-5569752e42b0,2026-02-20T09:05:51.537Z,2026-02-25T12:15:45.456Z
NECTAR PETIT MANZANA 12/1000 PRISM KA,Kasim,SP00,Livsmart,Finish Good,25,30,45,1.0,66377,BA007453,BA007453~NECTAR PETIT MANZANA 12/1000 PRISM KA~66377~Kasim~SP00~Livsmart~25~30~45~1.0,d98b1765f198ed5213be5186763ceae016bb0fdf8c5b7bc9479c0f92045f957b,0cdecdc3-c0eb-4045-9afa-6a9f02987d3e,84d7cdd0-cb72-42e5-9402-5569752e42b0,2026-02-20T09:05:51.537Z,2026-02-25T12:15:45.456Z
BEBIDA PETIT MZ 330ML LATA X24 FDA,Impadoel,SP00,Livsmart,Finish Good,25,30,45,1.0,2108340,BA020758,BA020758~BEBIDA PETIT MZ 330ML LATA X24 FDA~2108340~Impadoel~SP00~Livsmart~25~30~45~1.0,5e4715d36545c655dd69832781c4d5edd378dfb75b59fb0906e8bdc633eb7ebb,0cdecdc3-c0eb-4045-9afa-6a9f02987d3e,84d7cdd0-cb72-42e5-9402-5569752e42b0,2026-02-20T09:05:51.537Z,2026-02-25T12:15:45.456Z
GINGERBR 2 LITERS EXPORT,C.E.L._Distributors,J001,Jamaica Exports (PCJ),Finish Good,25,30,45,1.0,66402,AA760601,AA760601~GINGERBR 2 LITERS EXPORT~66402~C.E.L._Distributors~J001~Jamaica Exports (PCJ)~25~30~45~1.0,f6f39279ff423b599a43193def70eca63de2d8c3c886d08256cea9a2683a5a97,0cdecdc3-c0eb-4045-9afa-6a9f02987d3e,84d7cdd0-cb72-42e5-9402-5569752e42b0,2026-02-20T09:05:51.537Z,2026-02-25T12:15:45.456Z
OJGB 4x6 330 ML LATA X24,TROPICAL FRESH,100011123,Refresco,Finish Good,25,30,45,0.0,68111,BA022756,BA022756~OJGB 4x6 330 ML LATA X24~68111~TROPICAL FRESH~100011123~Refresco~25~30~45~0.0,7bf9c334c6873dd2c2845e399037d22e95c90ebe9383e0922551cba44f3f10c7,0cdecdc3-c0eb-4045-9afa-6a9f02987d3e,84d7cdd0-cb72-42e5-9402-5569752e42b0,2026-02-20T09:05:51.537Z,2026-02-25T12:15:45.456Z
COLOR TROPICAL,Refresco,100009700,FISA,Concentrado,25,30,45,1.0,100011123,435021,435021~COLOR TROPICAL~100011123~Refresco~100009700~FISA~25~30~45~1.0,65d7155e1e4470715435e1588c86cdf5b7724e9f1d1860712f3efe8a2d75829d,0cdecdc3-c0eb-4045-9afa-6a9f02987d3e,84d7cdd0-cb72-42e5-9402-5569752e42b0,2026-02-20T09:05:51.537Z,2026-02-25T12:15:45.456Z
NectarPetit FruitPunch 24/200mlDominican,Skandra s.a.,SP00,Livsmart,Finish Good,25,30,45,1.0,67075,BA004897,BA004897~NectarPetit FruitPunch 24/200mlDominican~67075~Skandra s.a.~SP00~Livsmart~25~30~45~1.0,acd6dad0c347fd9a7419161497a6dea630b1facae254ac85d2520a9cc0b37fc9,0cdecdc3-c0eb-4045-9afa-6a9f02987d3e,84d7cdd0-cb72-42e5-9402-5569752e42b0,2026-02-20T09:05:51.537Z,2026-02-25T12:15:45.456Z
PIÑA PETIT TETRA CAJA 200 ML,Grayco_Sales,SP00,Livsmart,Finish Good,25,30,45,1.0,66303,AA648081,AA648081~PIÑA PETIT TETRA CAJA 200 ML~66303~Grayco_Sales~SP00~Livsmart~25~30~45~1.0,03ac4df93ef5c184efef0698166f652367db223e76e5d2649d2cdda252bb79fb,0cdecdc3-c0eb-4045-9afa-6a9f02987d3e,84d7cdd0-cb72-42e5-9402-5569752e42b0,2026-02-20T09:05:51.537Z,2026-02-25T12:15:45.456Z
GRAPE US CUSTOMER 12ONZ,Sunburst_Trading,100011087,Brooklyn BM,Finish Good,25,30,45,1.0,66318,AA781391,AA781391~GRAPE US CUSTOMER 12ONZ~66318~Sunburst_Trading~100011087~Brooklyn BM~25~30~45~1.0,d4138ed25185eb237628e2f880adb86983286b9cca8f0c2461bc5cc652097822,0cdecdc3-c0eb-4045-9afa-6a9f02987d3e,84d7cdd0-cb72-42e5-9402-5569752e42b0,2026-02-20T09:05:51.537Z,2026-02-25T12:15:45.456Z
Tropical Fresa PET 2000x6,The_Tesalia,400000105,Tesalia,Concentrado,25,30,45,1.0,30001,BA000877,BA000877~Tropical Fresa PET 2000x6~30001~The_Tesalia~400000105~Tesalia~25~30~45~1.0,e1868b5ea9369bffa8ebd00794bf716ee8adaf15be1cf00f4c04c3d4884867e8,0cdecdc3-c0eb-4045-9afa-6a9f02987d3e,84d7cdd0-cb72-42e5-9402-5569752e42b0,2026-02-20T09:05:51.537Z,2026-02-25T12:15:45.456Z
3PACK PETIT FRUIT PUNCH TETRA 200 ML FDA,Kasim,SP00,Livsmart,Finish Good,25,30,45,1.0,66377,BA010954,BA010954~3PACK PETIT FRUIT PUNCH TETRA 200 ML FDA~66377~Kasim~SP00~Livsmart~25~30~45~1.0,4fd77abc161dea13acb23221f8d732aa95fef7f82f090f68e05817e23785bfbc,0cdecdc3-c0eb-4045-9afa-6a9f02987d3e,84d7cdd0-cb72-42e5-9402-5569752e42b0,2026-02-20T09:05:51.537Z,2026-02-25T12:15:45.456Z
PETIT ENERGY PÑ-NR-JNG 1.0 L*12,Kasim,SP00,Livsmart,Finish Good,25,30,45,1.0,66377,BA017304,BA017304~PETIT ENERGY PÑ-NR-JNG 1.0 L*12~66377~Kasim~SP00~Livsmart~25~30~45~1.0,9b3cb6c9e4de151ce0a2a96f0a7559c9d9d243de6d1089099b0132741709cc50,0cdecdc3-c0eb-4045-9afa-6a9f02987d3e,84d7cdd0-cb72-42e5-9402-5569752e42b0,2026-02-20T09:05:51.537Z,2026-02-25T12:15:45.456Z
COLOR MANZANA,Brooklyn BM,100009700,FISA,Concentrado,25,30,45,1.0,100011087,435023,435023~COLOR MANZANA~100011087~Brooklyn BM~100009700~FISA~25~30~45~1.0,68f4085484b2e023936805a978a82ecfed6414b6f78cf8a0decd9e3778f193f7,0cdecdc3-c0eb-4045-9afa-6a9f02987d3e,84d7cdd0-cb72-42e5-9402-5569752e42b0,2026-02-20T09:05:51.537Z,2026-02-25T12:15:45.456Z
NECTAR PETIT PINA DREAM CAP 24,MITCHELL A. MICHAEL LIMIT,SP00,Livsmart,Finish Good,25,30,45,1.0,66821,AA583081,AA583081~NECTAR PETIT PINA DREAM CAP 24~66821~MITCHELL A. MICHAEL LIMIT~SP00~Livsmart~25~30~45~1.0,c13714de159e278f14b6024edbf67b19ab1e85e91894c98307ba938d044aca0d,0cdecdc3-c0eb-4045-9afa-6a9f02987d3e,84d7cdd0-cb72-42e5-9402-5569752e42b0,2026-02-20T09:05:51.537Z,2026-02-25T12:15:45.456Z
Nectar Petit Guayaba 12/1000 Prism KA,MITCHELL A. MICHAEL LIMIT,SP00,Livsmart,Finish Good,25,30,45,1.0,66821,BA007456,BA007456~Nectar Petit Guayaba 12/1000 Prism KA~66821~MITCHELL A. MICHAEL LIMIT~SP00~Livsmart~25~30~45~1.0,f4bee3df80ee9d50a90012b33a12a14ea201f26e1df5389bca22e6996653f43c,0cdecdc3-c0eb-4045-9afa-6a9f02987d3e,84d7cdd0-cb72-42e5-9402-5569752e42b0,2026-02-20T09:05:51.537Z,2026-02-25T12:15:45.456Z
12PK OCA GUAVA PASSIONFRUIT 355 ML LATA,Impadoel,SP00,Livsmart,Finish Good,25,30,45,1.0,2108340,BA012934,BA012934~12PK OCA GUAVA PASSIONFRUIT 355 ML LATA~2108340~Impadoel~SP00~Livsmart~25~30~45~1.0,4a977fc18093b5265f049f0d82b10955c57d4d8e6f3f8749d0ca9ed8091fe9c5,0cdecdc3-c0eb-4045-9afa-6a9f02987d3e,84d7cdd0-cb72-42e5-9402-5569752e42b0,2026-02-20T09:05:51.537Z,2026-02-25T12:15:45.456Z
OCA GUAVA PASSI FRUIT 355ML*24,Isleña,SP00,Livsmart,Finish Good,25,30,45,1.0,66366,BA011085,BA011085~OCA GUAVA PASSI FRUIT 355ML*24~66366~Isleña~SP00~Livsmart~25~30~45~1.0,5dc781956d9a55611c6343eb1fcafe04731cd69246f8b2f4f787c79af2d8b864,0cdecdc3-c0eb-4045-9afa-6a9f02987d3e,84d7cdd0-cb72-42e5-9402-5569752e42b0,2026-02-20T09:05:51.537Z,2026-02-25T12:15:45.456Z
Nectar Petit Manzana 24/330 Ml Lata Map,Recinos,SP00,Livsmart,Finish Good,25,30,45,1.0,66624,BA007806,BA007806~Nectar Petit Manzana 24/330 Ml Lata Map~66624~Recinos~SP00~Livsmart~25~30~45~1.0,1e1e5af9e75b31aec54aa2c936f5b6636d9a9cc81e27d7f587659f61fb6160af,0cdecdc3-c0eb-4045-9afa-6a9f02987d3e,84d7cdd0-cb72-42e5-9402-5569752e42b0,2026-02-20T09:05:51.537Z,2026-02-25T12:15:45.456Z
SALUTARI TORONJA 355ML LATAX24,Corripio,100013761,Planeta Azul,Finish Good,25,30,45,0.9,66274,BA011261,BA011261~SALUTARI TORONJA 355ML LATAX24~66274~Corripio~100013761~Planeta Azul~25~30~45~0.9,45288df655e2b3e7d1f30c38410dc245a02f97cf4183b5551ce62a9b813105e5,0cdecdc3-c0eb-4045-9afa-6a9f02987d3e,84d7cdd0-cb72-42e5-9402-5569752e42b0,2026-02-20T09:05:51.537Z,2026-02-25T12:15:45.456Z
NECTAR PETIT NARANJA 24/200 ML,Kasim,SP00,Livsmart,Finish Good,25,30,45,1.0,66377,AA282158,AA282158~NECTAR PETIT NARANJA 24/200 ML~66377~Kasim~SP00~Livsmart~25~30~45~1.0,290edc864f2874356707795fd7c327771a5be94d8fbd3b420c27d619da63208e,0cdecdc3-c0eb-4045-9afa-6a9f02987d3e,84d7cdd0-cb72-42e5-9402-5569752e42b0,2026-02-20T09:05:51.537Z,2026-02-25T12:15:45.456Z
PETIT ENERGY PÑ-NR-JNG DC 330ML*24,Impadoel,SP00,Livsmart,Finish Good,25,30,45,1.0,2108340,BA017302,BA017302~PETIT ENERGY PÑ-NR-JNG DC 330ML*24~2108340~Impadoel~SP00~Livsmart~25~30~45~1.0,4fa12f10d7348a72ca034c1dbfb14952a1362c537f26e4c0ca5703dcdc928f87,0cdecdc3-c0eb-4045-9afa-6a9f02987d3e,84d7cdd0-cb72-42e5-9402-5569752e42b0,2026-02-20T09:05:51.537Z,2026-02-25T12:15:45.456Z
PETIT ENERGY PÑ-NR-JNG 1.0 L*12,Corripio,SP00,Livsmart,Finish Good,25,30,45,1.0,66274,BA017304,BA017304~PETIT ENERGY PÑ-NR-JNG 1.0 L*12~66274~Corripio~SP00~Livsmart~25~30~45~1.0,a70e48cb36967a501c89f31837ec1bd137c0e44d5e0ad9ce9b90d4cdb550a1e0,0cdecdc3-c0eb-4045-9afa-6a9f02987d3e,84d7cdd0-cb72-42e5-9402-5569752e42b0,2026-02-20T09:05:51.537Z,2026-02-25T12:15:45.456Z
NECTAR PETIT NARANJA 12/1000 PRISM KASIM,Kasim,SP00,Livsmart,Finish Good,25,30,45,1.0,66377,BA007458,BA007458~NECTAR PETIT NARANJA 12/1000 PRISM KASIM~66377~Kasim~SP00~Livsmart~25~30~45~1.0,37ec255d482afee8c7fa9fbcb5b1ed61ef2929760943f4496f6f042df9162e3a,0cdecdc3-c0eb-4045-9afa-6a9f02987d3e,84d7cdd0-cb72-42e5-9402-5569752e42b0,2026-02-20T09:05:51.537Z,2026-02-25T12:15:45.456Z
BEBIDA PETIT PR 330ML LATA X24 FDA,Corripio,SP00,Livsmart,Finish Good,25,30,45,1.0,66274,BA020759,BA020759~BEBIDA PETIT PR 330ML LATA X24 FDA~66274~Corripio~SP00~Livsmart~25~30~45~1.0,27316e550b5e1f00d3569c8ccd0918120686f60bcc927ccf0f7ffaddad6c8f33,0cdecdc3-c0eb-4045-9afa-6a9f02987d3e,84d7cdd0-cb72-42e5-9402-5569752e42b0,2026-02-20T09:05:51.537Z,2026-02-25T12:15:45.456Z
220V Original DryBlend B2-II-1 (CITRATO/CAFEINA),Peru,100015087,Givaudan,Concentrado,25,30,45,1.0,RP04,437098,437098~220V Original DryBlend B2-II-1 (CITRATO/CAFEINA)~RP04~Peru~100015087~Givaudan~25~30~45~1.0,b94c040e6b54f540b94c9f0d28a2b31838d39ac4cc5f04fed4647e458801e978,0cdecdc3-c0eb-4045-9afa-6a9f02987d3e,84d7cdd0-cb72-42e5-9402-5569752e42b0,2026-02-20T09:05:51.537Z,2026-02-25T12:15:45.456Z
Nectar Petit Light MG 24/200ml Tetr 3Pk,Feduro,SP00,Livsmart,Finish Good,25,30,45,1.0,66367,BA006404,BA006404~Nectar Petit Light MG 24/200ml Tetr 3Pk~66367~Feduro~SP00~Livsmart~25~30~45~1.0,860b650dcd8377cbd80bff4c5334a347d580bbb8c68ddcea45e9a98a06f1bb47,0cdecdc3-c0eb-4045-9afa-6a9f02987d3e,84d7cdd0-cb72-42e5-9402-5569752e42b0,2026-02-20T09:05:51.537Z,2026-02-25T12:15:45.456Z
Manzana 355 ML GRB x 24,The_Tesalia,400000105,Tesalia,Concentrado,25,30,45,1.0,30001,BA018371,BA018371~Manzana 355 ML GRB x 24~30001~The_Tesalia~400000105~Tesalia~25~30~45~1.0,a4d9563ee8ab5218f2d760d36ee4041cc49ba22053c29293c72993d131d13e6b,0cdecdc3-c0eb-4045-9afa-6a9f02987d3e,84d7cdd0-cb72-42e5-9402-5569752e42b0,2026-02-20T09:05:51.537Z,2026-02-25T12:15:45.456Z
Jugazzo Pera 330 ML Lata CH Panama,Transmundi,SP00,Livsmart,Finish Good,25,30,45,1.0,2067820,AA251209,AA251209~Jugazzo Pera 330 ML Lata CH Panama~2067820~Transmundi~SP00~Livsmart~25~30~45~1.0,14de94be03817dfe9b716e79e069c0d89099849e75694a72dd6ded0419f50846,0cdecdc3-c0eb-4045-9afa-6a9f02987d3e,84d7cdd0-cb72-42e5-9402-5569752e42b0,2026-02-20T09:05:51.537Z,2026-02-25T12:15:45.456Z
Ting US Custumer 10onz,Wanis_LTD,J001,Jamaica Exports (PCJ),Finish Good,25,30,45,1.0,66440,AA780392,AA780392~Ting US Custumer 10onz~66440~Wanis_LTD~J001~Jamaica Exports (PCJ)~25~30~45~1.0,5235c009225da5d7c005c57a7b8bc556cd5dde06ea73cd300d786efbd6b2c9dd,0cdecdc3-c0eb-4045-9afa-6a9f02987d3e,84d7cdd0-cb72-42e5-9402-5569752e42b0,2026-02-20T09:05:51.537Z,2026-02-25T12:15:45.456Z
Nectar Petit Mango 24/330 Ml Lata Fda,Skandra s.a.,SP00,Livsmart,Finish Good,25,30,45,1.0,67075,BA010926,BA010926~Nectar Petit Mango 24/330 Ml Lata Fda~67075~Skandra s.a.~SP00~Livsmart~25~30~45~1.0,89d52ece379db4069e374b5a7dbe7286cad74271b5bba0829456f66b10601247,0cdecdc3-c0eb-4045-9afa-6a9f02987d3e,84d7cdd0-cb72-42e5-9402-5569752e42b0,2026-02-20T09:05:51.537Z,2026-02-25T12:15:45.456Z
FRUTARIS PRM MANZAN 1000ML PET,The_Tesalia,400000105,Tesalia,Concentrado,25,30,45,1.0,30001,BA020437,BA020437~FRUTARIS PRM MANZAN 1000ML PET~30001~The_Tesalia~400000105~Tesalia~25~30~45~1.0,f11f07daceb7c1fe9bad78da37b4d823361a0937b8c46d616fea2fbb3d64a3a5,0cdecdc3-c0eb-4045-9afa-6a9f02987d3e,84d7cdd0-cb72-42e5-9402-5569752e42b0,2026-02-20T09:05:51.537Z,2026-02-25T12:15:45.456Z
SALUTARI NARANJA 355ML LATAX24,Corripio,GP00,Mariposa,Finish Good,25,30,45,0.1,66274,BA011263,BA011263~SALUTARI NARANJA 355ML LATAX24~66274~Corripio~GP00~Mariposa~25~30~45~0.1,7a72e47a940ffbe951e64aa6c5ae3e08c69eb2c00528e60059d530b5b581c504,0cdecdc3-c0eb-4045-9afa-6a9f02987d3e,84d7cdd0-cb72-42e5-9402-5569752e42b0,2026-02-20T09:05:51.537Z,2026-02-25T12:15:45.456Z
OJGB 4x6 330 ML LATA X24,ASIA EXPRESS FOOD BV,100011123,Refresco,Finish Good,25,30,45,0.0,68341,BA022756,BA022756~OJGB 4x6 330 ML LATA X24~68341~ASIA EXPRESS FOOD BV~100011123~Refresco~25~30~45~0.0,f3ef702bc9150268219989085bb905ffcf45aa240d997c7c0879b2488ddf9637,0cdecdc3-c0eb-4045-9afa-6a9f02987d3e,84d7cdd0-cb72-42e5-9402-5569752e42b0,2026-02-20T09:05:51.537Z,2026-02-25T12:15:45.456Z
PETIT ENERGY PÑ-NR-JNG DC 330ML*24,Feduro,SP00,Livsmart,Finish Good,25,30,45,1.0,66367,BA017302,BA017302~PETIT ENERGY PÑ-NR-JNG DC 330ML*24~66367~Feduro~SP00~Livsmart~25~30~45~1.0,651b42c9a1131e6fad5da235a21d6218b90938adf01b7cadc781f9c0fdfec6bd,0cdecdc3-c0eb-4045-9afa-6a9f02987d3e,84d7cdd0-cb72-42e5-9402-5569752e42b0,2026-02-20T09:05:51.537Z,2026-02-25T12:15:45.456Z
Nectar Petit Pera 12/1000 Prisma KA,MITCHELL A. MICHAEL LIMIT,SP00,Livsmart,Finish Good,25,30,45,1.0,66821,BA007450,BA007450~Nectar Petit Pera 12/1000 Prisma KA~66821~MITCHELL A. MICHAEL LIMIT~SP00~Livsmart~25~30~45~1.0,00236176c80f19148939da684feb475aebde44742fd8549e4dffd92985f1fd4f,0cdecdc3-c0eb-4045-9afa-6a9f02987d3e,84d7cdd0-cb72-42e5-9402-5569752e42b0,2026-02-20T09:05:51.537Z,2026-02-25T12:15:45.456Z
FRUTADO PERA 355 ML PET X 24,Transmundi,SP00,Livsmart,Finish Good,25,30,45,1.0,2067820,BA006972,BA006972~FRUTADO PERA 355 ML PET X 24~2067820~Transmundi~SP00~Livsmart~25~30~45~1.0,18469b3614219146b32b75e5d139a88b234866caf2b84e4c03a4baaa7f70d32a,0cdecdc3-c0eb-4045-9afa-6a9f02987d3e,84d7cdd0-cb72-42e5-9402-5569752e42b0,2026-02-20T09:05:51.537Z,2026-02-25T12:15:45.456Z
