id_pricing,client,client_code,material,month,month_number,price,year,integration_id,record_key_hash,execution_id,create_timestamp,last_updated_timestamp
Embotelladora_La_ReynaGrapette | PET | 355 ML | Uva,Embotelladora_La_Reyna,66332,AA685006,Mes 12,12,1.4736208655614773,2026,Embotelladora_La_ReynaGrapette | PET | 355 ML | Uva~Embotelladora_La_Reyna~66332~AA685006~Mes 12~2026,360b54694604871d7fdbc822dff1eb9157783027edcb216039cc44db5dcb7fdc,cfb2ac6d-bfea-4aa3-8619-376f941065d8,2026-02-20T14:16:33.368Z,2026-02-25T12:15:27.580Z
The_TesaliaPure water | PRB | 20000 ML | Agua,The_Tesalia,30001,BA001813,Mes 1,1,0.337227444534483,2026,The_TesaliaPure water | PRB | 20000 ML | Agua~The_Tesalia~30001~BA001813~Mes 1~2026,4479666a4ef3cafcc82883aeb85864dedb93dd1f5cde4fbdc35b4a6545f4066e,cfb2ac6d-bfea-4aa3-8619-376f941065d8,2026-02-20T14:16:33.368Z,2026-02-25T12:15:27.580Z
RecinosPetit | LATA | 330 ML | Sabores,Recinos,66624,BA007799,Mes 1,1,6.5,2026,RecinosPetit | LATA | 330 ML | Sabores~Recinos~66624~BA007799~Mes 1~2026,bbf7648d4119c0d5e2c293c86c3b564e73528d6ba9d2e301242f9e5331795703,cfb2ac6d-bfea-4aa3-8619-376f941065d8,2026-02-20T14:16:33.368Z,2026-02-25T12:15:27.580Z
Embotelladora_La_ReynaPetit | TETRA | 200 ML | Sabores,Embotelladora_La_Reyna,66332,BA003865,Mes 10,10,0.6140859760357811,2026,Embotelladora_La_ReynaPetit | TETRA | 200 ML | Sabores~Embotelladora_La_Reyna~66332~BA003865~Mes 10~2026,bc6d9663792d353bf44c8c35c1cf857a90795dfa9974a378cf806526c6cadbbd,cfb2ac6d-bfea-4aa3-8619-376f941065d8,2026-02-20T14:16:33.368Z,2026-02-25T12:15:27.580Z
The_TesaliaPure Water | PET | 3780 ML | Agua,The_Tesalia,30001,BA000774,Mes 11,11,0.5426855086698338,2026,The_TesaliaPure Water | PET | 3780 ML | Agua~The_Tesalia~30001~BA000774~Mes 11~2026,45cfcf6079264aa19b069b5982b6136dc83722dbc7adbea277eef2333f61b82f,cfb2ac6d-bfea-4aa3-8619-376f941065d8,2026-02-20T14:16:33.368Z,2026-02-25T12:15:27.580Z
Bellows_InternationalTing | GNRB | 296 ML | Sabores,Bellows_International,66313,AA780634,Mes 10,10,16.08,2026,Bellows_InternationalTing | GNRB | 296 ML | Sabores~Bellows_International~66313~AA780634~Mes 10~2026,84f36869a764ad5143dca0c44b514ea536a779e999a514affed528fb93622ebc,cfb2ac6d-bfea-4aa3-8619-376f941065d8,2026-02-20T14:16:33.368Z,2026-02-25T12:15:27.580Z
Embotelladora_La_ReynaSalutaris | LATA | 355 ML | Sabores,Embotelladora_La_Reyna,66332,BA006916,Mes 8,8,2.486874379932868,2026,Embotelladora_La_ReynaSalutaris | LATA | 355 ML | Sabores~Embotelladora_La_Reyna~66332~BA006916~Mes 8~2026,bab71a52b1aac792423242a6a653cb86be8fadc13c9a13a31b32b8efbed53a48,cfb2ac6d-bfea-4aa3-8619-376f941065d8,2026-02-20T14:16:33.368Z,2026-02-25T12:15:27.580Z
ImpadoelSalutaris | LATA | 355 ML | Sabores,Impadoel,2108340,BA011261,Mes 11,11,6.650322010408297,2026,ImpadoelSalutaris | LATA | 355 ML | Sabores~Impadoel~2108340~BA011261~Mes 11~2026,37605b2b02c9bf5d4f6d028ed2284a9b36a18afc3a2e20685cfc36e1168c3c0b,cfb2ac6d-bfea-4aa3-8619-376f941065d8,2026-02-20T14:16:33.368Z,2026-02-25T12:15:27.580Z
The_TesaliaTropical | GRB | 355 ML | Fresa,The_Tesalia,30001,BA017078,Mes 5,5,0.9755857450100436,2026,The_TesaliaTropical | GRB | 355 ML | Fresa~The_Tesalia~30001~BA017078~Mes 5~2026,507e1f9c8097500057af816336f1fbdc0fe93530cbcda790c8f07f7c84b50a5c,cfb2ac6d-bfea-4aa3-8619-376f941065d8,2026-02-20T14:16:33.368Z,2026-02-25T12:15:27.580Z
Embotelladora_La_ReynaIce Cool | PET | 500 ML | Sabores,Embotelladora_La_Reyna,66332,AA123109,Mes 5,5,4.031329461051635,2026,Embotelladora_La_ReynaIce Cool | PET | 500 ML | Sabores~Embotelladora_La_Reyna~66332~AA123109~Mes 5~2026,46d2f61591614a9cb6a6df1871ed0c8161d10a8336bf04b16b8dcbeb625d81b5,cfb2ac6d-bfea-4aa3-8619-376f941065d8,2026-02-20T14:16:33.368Z,2026-02-25T12:15:27.580Z
The_TesaliaPure Water | PET | 1200 ML | Agua,The_Tesalia,30001,BA012769,Mes 3,3,1.3669246756053648,2026,The_TesaliaPure Water | PET | 1200 ML | Agua~The_Tesalia~30001~BA012769~Mes 3~2026,4cd0976a8d598ef6c7fec0015c5b6185de66b111ed828760f38a25f09a9c3b09,cfb2ac6d-bfea-4aa3-8619-376f941065d8,2026-02-20T14:16:33.368Z,2026-02-25T12:15:27.580Z
The_TesaliaFrutaris | PET | 2000 ML | Sabores,The_Tesalia,30001,BA001470,Mes 11,11,1.6312303315831571,2026,The_TesaliaFrutaris | PET | 2000 ML | Sabores~The_Tesalia~30001~BA001470~Mes 11~2026,48ba759196514f85380a482c7d6b5fd2fdf618d96d08e0cd5c55194b99e7dbc4,cfb2ac6d-bfea-4aa3-8619-376f941065d8,2026-02-20T14:16:33.368Z,2026-02-25T12:15:27.580Z
ImpadoelFruta Fresca | TETRA | 200 ML | Sabores,Impadoel,2108340,BA016866,Mes 2,2,4.254211242391692,2026,ImpadoelFruta Fresca | TETRA | 200 ML | Sabores~Impadoel~2108340~BA016866~Mes 2~2026,6c2fb50697103bae25ae66ffcfc5a2080b1f47d6dd9f6c98a78eb8928e4bc59a,cfb2ac6d-bfea-4aa3-8619-376f941065d8,2026-02-20T14:16:33.368Z,2026-02-25T12:15:27.580Z
RecinosPetit | TETRA | 200 ML | Sabores,Recinos,66624,BA004899,Mes 2,2,4.43,2026,RecinosPetit | TETRA | 200 ML | Sabores~Recinos~66624~BA004899~Mes 2~2026,970b7eac92e4cccdc741ad24049a86262bde86c8d29815caaf1ef51fb9fe9824,cfb2ac6d-bfea-4aa3-8619-376f941065d8,2026-02-20T14:16:33.368Z,2026-02-25T12:15:27.580Z
HanschellOld Jamaica | PET | 591 ML | Ginger,Hanschell,66570,AA583601,Mes 4,4,9.2,2026,HanschellOld Jamaica | PET | 591 ML | Ginger~Hanschell~66570~AA583601~Mes 4~2026,8517af99ab0a6d045afbbf8ff53c36860ba753113b680e72e6ddd30e791092b2,cfb2ac6d-bfea-4aa3-8619-376f941065d8,2026-02-20T14:16:33.368Z,2026-02-25T12:15:27.580Z
Embotelladora_La_ReynaAqua | PET | 750 ML | Agua,Embotelladora_La_Reyna,66332,BA008071,Mes 1,1,1.2065660057963001,2026,Embotelladora_La_ReynaAqua | PET | 750 ML | Agua~Embotelladora_La_Reyna~66332~BA008071~Mes 1~2026,0aa453b28b341ecd241c29c21c92d501c08c91e4d1786898c707895b414ac0ba,cfb2ac6d-bfea-4aa3-8619-376f941065d8,2026-02-20T14:16:33.368Z,2026-02-25T12:15:27.580Z
MaresGrapette | PET | 3000 ML | Uva,Mares,2060885,AA109006,Mes 7,7,1.8820000000000001,2026,MaresGrapette | PET | 3000 ML | Uva~Mares~2060885~AA109006~Mes 7~2026,1476ef66b19f8fa2d0e3fa68f7f481f5ad639bc8a1cd83ce10d6172be764589d,cfb2ac6d-bfea-4aa3-8619-376f941065d8,2026-02-20T14:16:33.368Z,2026-02-25T12:15:27.580Z
FeduroJugazzo | LATA | 330 ML | Sabores,Feduro,66367,AA291623,Mes 8,8,8.119809394145678,2026,FeduroJugazzo | LATA | 330 ML | Sabores~Feduro~66367~AA291623~Mes 8~2026,6c191ba1c19877797ebbc4db89a7204f72f337c34a1c0ebea5102df3394ad639,cfb2ac6d-bfea-4aa3-8619-376f941065d8,2026-02-20T14:16:33.368Z,2026-02-25T12:15:27.580Z
Embotelladora_La_MariposaTing | PET | 3000 ML | Toronja,Embotelladora_La_Mariposa,66328,BA011726,Mes 6,6,1.2720723592187069,2026,Embotelladora_La_MariposaTing | PET | 3000 ML | Toronja~Embotelladora_La_Mariposa~66328~BA011726~Mes 6~2026,ef3ab0b3eadba7c92320116313a8aff8967075a68d981c9e3fc113ff28e904ea,cfb2ac6d-bfea-4aa3-8619-376f941065d8,2026-02-20T14:16:33.368Z,2026-02-25T12:15:27.580Z
The_TesaliaTesalia | PET | 1200 ML | Agua,The_Tesalia,30001,BA015685,Mes 7,7,1.2331784466092133,2026,The_TesaliaTesalia | PET | 1200 ML | Agua~The_Tesalia~30001~BA015685~Mes 7~2026,53a66fc1b9fdca5c50f8f363ac4cb8a2b7f958973db07ecbf262931267e161d9,cfb2ac6d-bfea-4aa3-8619-376f941065d8,2026-02-20T14:16:33.368Z,2026-02-25T12:15:27.580Z
RecinosPetit | LATA | 330 ML | Sabores,Recinos,66624,BA010922,Mes 10,10,6.5,2026,RecinosPetit | LATA | 330 ML | Sabores~Recinos~66624~BA010922~Mes 10~2026,32c195ff133a2dacda725397aa2b6b326ac991877b130c1b47a3f33be471775a,cfb2ac6d-bfea-4aa3-8619-376f941065d8,2026-02-20T14:16:33.368Z,2026-02-25T12:15:27.580Z
Embotelladora_La_MariposaTing | PET | 3000 ML | Toronja,Embotelladora_La_Mariposa,66328,BA011726,Mes 4,4,1.2720723592187069,2026,Embotelladora_La_MariposaTing | PET | 3000 ML | Toronja~Embotelladora_La_Mariposa~66328~BA011726~Mes 4~2026,3ebc06a2ea1d4b8ce9da9f9bc445006d87dc6894e85ff191a3dca4916245c072,cfb2ac6d-bfea-4aa3-8619-376f941065d8,2026-02-20T14:16:33.368Z,2026-02-25T12:15:27.580Z
The_TesaliaFrutaris | PET | 1000 ML | Sabores,The_Tesalia,30001,BA013076,Mes 1,1,1.6618609126011301,2026,The_TesaliaFrutaris | PET | 1000 ML | Sabores~The_Tesalia~30001~BA013076~Mes 1~2026,e8aa40c5eae5316a545a9aed94e2ab9df566e7a49313c8192a426297bc9fce3d,cfb2ac6d-bfea-4aa3-8619-376f941065d8,2026-02-20T14:16:33.368Z,2026-02-25T12:15:27.580Z
The_TesaliaGallito | PET | 3785 ML | Sabores,The_Tesalia,30001,BA005715,Mes 8,8,1.0555230046835893,2026,The_TesaliaGallito | PET | 3785 ML | Sabores~The_Tesalia~30001~BA005715~Mes 8~2026,e7ba398c26029811940ae4f795222bcdca5610cd688d434168aef9c478e24634,cfb2ac6d-bfea-4aa3-8619-376f941065d8,2026-02-20T14:16:33.368Z,2026-02-25T12:15:27.580Z
Embotelladora_La_ReynaPetit | TETRA | 200 ML | Sabores,Embotelladora_La_Reyna,66332,BA003865,Mes 2,2,0.6140859760357811,2026,Embotelladora_La_ReynaPetit | TETRA | 200 ML | Sabores~Embotelladora_La_Reyna~66332~BA003865~Mes 2~2026,da9c4dddbfb0e4cc75f9647a510f4337c82b12316018d7cd742be51ce21cff31,cfb2ac6d-bfea-4aa3-8619-376f941065d8,2026-02-20T14:16:33.368Z,2026-02-25T12:15:27.580Z
MaresSalutaris | LATA | 355 ML | Sabores,Mares,2060885,BA006916,Mes 4,4,3.2033169599924194,2026,MaresSalutaris | LATA | 355 ML | Sabores~Mares~2060885~BA006916~Mes 4~2026,125bcc629513abf8764560f041b82bb97416abfc740f3e9aca9b1d3ac759c3a1,cfb2ac6d-bfea-4aa3-8619-376f941065d8,2026-02-20T14:16:33.368Z,2026-02-25T12:15:27.580Z
Embotelladora_La_NacionalIce Cool | PET | 400 ML | Sabores,Embotelladora_La_Nacional,2060890,BA003502,Mes 4,4,4.121796746358726,2026,Embotelladora_La_NacionalIce Cool | PET | 400 ML | Sabores~Embotelladora_La_Nacional~2060890~BA003502~Mes 4~2026,664dfe96ca7c4d536ed3e6c97432535c829cabade509ef07c9217dc028d9cd83,cfb2ac6d-bfea-4aa3-8619-376f941065d8,2026-02-20T14:16:33.368Z,2026-02-25T12:15:27.580Z
ImpadoelAqua | PET | 750 ML | Agua,Impadoel,2108340,BA006258,Mes 7,7,5.453741066362799,2026,ImpadoelAqua | PET | 750 ML | Agua~Impadoel~2108340~BA006258~Mes 7~2026,b6d59198cab3df966f8ed7f665260764cc319cc31079dbbaf46a1b8428ebbaac,cfb2ac6d-bfea-4aa3-8619-376f941065d8,2026-02-20T14:16:33.368Z,2026-02-25T12:15:27.580Z
ImpadoelSalutaris | LATA | 355 ML | Sabores,Impadoel,2108340,BA011261,Mes 1,1,6.650322010408297,2026,ImpadoelSalutaris | LATA | 355 ML | Sabores~Impadoel~2108340~BA011261~Mes 1~2026,d1295d37021e250d7f5a8d1193ef1f08b6cea742e07c2e326f45acdc502d5c34,cfb2ac6d-bfea-4aa3-8619-376f941065d8,2026-02-20T14:16:33.368Z,2026-02-25T12:15:27.580Z
IsleñaCalifornia | TETRA | 200 ML | Sabores,Isleña,66366,AA261070,Mes 9,9,4.221771525515687,2026,IsleñaCalifornia | TETRA | 200 ML | Sabores~Isleña~66366~AA261070~Mes 9~2026,128914851e9f9a1b89ad12be73432e13d3095f264167e58d6a9ccfde9f68bd62,cfb2ac6d-bfea-4aa3-8619-376f941065d8,2026-02-20T14:16:33.368Z,2026-02-25T12:15:27.580Z
MaresPetit | TETRA | 1000 ML | Sabores,Mares,2060885,BA005455,Mes 11,11,1.2543502690610928,2026,MaresPetit | TETRA | 1000 ML | Sabores~Mares~2060885~BA005455~Mes 11~2026,88d2fa34091ac9bd599d5cec4f414fadfc3b3ba2b7e1deaa12d398064076aec6,cfb2ac6d-bfea-4aa3-8619-376f941065d8,2026-02-20T14:16:33.368Z,2026-02-25T12:15:27.580Z
Embotelladora_La_NacionalSoda Ensa | GRB | 355 ML | Sabores,Embotelladora_La_Nacional,2060890,BA006326,Mes 6,6,1.384930555330839,2026,Embotelladora_La_NacionalSoda Ensa | GRB | 355 ML | Sabores~Embotelladora_La_Nacional~2060890~BA006326~Mes 6~2026,dbab94a6bfd93db70de3dc602cd36a923c151427b91042d068b466f94070b294,cfb2ac6d-bfea-4aa3-8619-376f941065d8,2026-02-20T14:16:33.368Z,2026-02-25T12:15:27.580Z
Embotelladora_La_MariposaJugazzo | LATA | 330 ML | Sabores,Embotelladora_La_Mariposa,66328,BA017369,Mes 6,6,0.9620571428571425,2026,Embotelladora_La_MariposaJugazzo | LATA | 330 ML | Sabores~Embotelladora_La_Mariposa~66328~BA017369~Mes 6~2026,e19354b7b35a5fedab1c7e1ed7b5470f9c388b8cb7e9dcabf068d452341fea39,cfb2ac6d-bfea-4aa3-8619-376f941065d8,2026-02-20T14:16:33.368Z,2026-02-25T12:15:27.580Z
Embotelladora_La_NacionalSoda Ensa | PET | 1000 ML | Sabores,Embotelladora_La_Nacional,2060890,BA011033,Mes 9,9,1.9477094128626806,2026,Embotelladora_La_NacionalSoda Ensa | PET | 1000 ML | Sabores~Embotelladora_La_Nacional~2060890~BA011033~Mes 9~2026,fb1664bfa14ddb0dbea41eabeb3d616fadb093dfdecac5795f2715740eb59548,cfb2ac6d-bfea-4aa3-8619-376f941065d8,2026-02-20T14:16:33.368Z,2026-02-25T12:15:27.580Z
The_TesaliaPure Water | GRB | 300 ML | Agua,The_Tesalia,30001,BA017413,Mes 12,12,0.8235740802898861,2026,The_TesaliaPure Water | GRB | 300 ML | Agua~The_Tesalia~30001~BA017413~Mes 12~2026,91591b0ca49fb062be529c6a73f6d311cf610a122e52e4585b8d3ea13f80c80b,cfb2ac6d-bfea-4aa3-8619-376f941065d8,2026-02-20T14:16:33.368Z,2026-02-25T12:15:27.580Z
MaresPetit | TETRA | 200 ML | Sabores,Mares,2060885,BA003865,Mes 3,3,0.738293384405376,2026,MaresPetit | TETRA | 200 ML | Sabores~Mares~2060885~BA003865~Mes 3~2026,033494ffaa91382459eacf56c94c3b898cb03b20ae311b02d829c64713df0e9d,cfb2ac6d-bfea-4aa3-8619-376f941065d8,2026-02-20T14:16:33.368Z,2026-02-25T12:15:27.580Z
The_TesaliaFrutaris | PET | 1000 ML | Sabores,The_Tesalia,30001,BA013076,Mes 5,5,1.6618609126011301,2026,The_TesaliaFrutaris | PET | 1000 ML | Sabores~The_Tesalia~30001~BA013076~Mes 5~2026,db8398ba1fc84138f9348e024b6953f324b666142daf1edfd7e7d874daafd01e,cfb2ac6d-bfea-4aa3-8619-376f941065d8,2026-02-20T14:16:33.368Z,2026-02-25T12:15:27.580Z
CorripioPetit | TETRA | 200 ML | Premium,Corripio,66274,BA004899,Mes 11,11,4.473884220712744,2026,CorripioPetit | TETRA | 200 ML | Premium~Corripio~66274~BA004899~Mes 11~2026,aeea77725b28a80a24ae48c6b9f87870ee423d062356ab77e40d5c569d0b1e05,cfb2ac6d-bfea-4aa3-8619-376f941065d8,2026-02-20T14:16:33.368Z,2026-02-25T12:15:27.580Z
The_TesaliaTropical | PET | 2000 ML | Fresa,The_Tesalia,30001,BA000784,Mes 1,1,1.669058246878527,2026,The_TesaliaTropical | PET | 2000 ML | Fresa~The_Tesalia~30001~BA000784~Mes 1~2026,89660b001fc51cb370dc7c4522bd5b18897b7c7ac0a64a31aa095927d9c47a6e,cfb2ac6d-bfea-4aa3-8619-376f941065d8,2026-02-20T14:16:33.368Z,2026-02-25T12:15:27.580Z
Embotelladora_La_MariposaTing | GRB | 500 ML | Toronja,Embotelladora_La_Mariposa,66328,BA003526,Mes 4,4,1.5238394808702782,2026,Embotelladora_La_MariposaTing | GRB | 500 ML | Toronja~Embotelladora_La_Mariposa~66328~BA003526~Mes 4~2026,cb7f1633910e4d3ef656b859e3d69fbcf44f66efb4e822eb70872bc67f80dab5,cfb2ac6d-bfea-4aa3-8619-376f941065d8,2026-02-20T14:16:33.368Z,2026-02-25T12:15:27.580Z
Embotelladora_La_ReynaPetit | TETRA | 200 ML | Sabores,Embotelladora_La_Reyna,66332,BA003865,Mes 12,12,0.6140859760357811,2026,Embotelladora_La_ReynaPetit | TETRA | 200 ML | Sabores~Embotelladora_La_Reyna~66332~BA003865~Mes 12~2026,06ef22eb90286cd96d65aca485d6c8de58d6881bb3fac81a7d94b72844d4f07c,cfb2ac6d-bfea-4aa3-8619-376f941065d8,2026-02-20T14:16:33.368Z,2026-02-25T12:15:27.580Z
The_TesaliaPure Water | BOLSA | 500 ML | Agua,The_Tesalia,30001,BA000837,Mes 7,7,0.9621103472153596,2026,The_TesaliaPure Water | BOLSA | 500 ML | Agua~The_Tesalia~30001~BA000837~Mes 7~2026,9bc90d14a6e438462cc9c7f697ae8ebfbdc655b5eb62ee9df453c058c1caa7a1,cfb2ac6d-bfea-4aa3-8619-376f941065d8,2026-02-20T14:16:33.368Z,2026-02-25T12:15:27.580Z
Embotelladora_La_NacionalIce Cool | PET | 400 ML | Sabores,Embotelladora_La_Nacional,2060890,BA003503,Mes 2,2,4.121796746358726,2026,Embotelladora_La_NacionalIce Cool | PET | 400 ML | Sabores~Embotelladora_La_Nacional~2060890~BA003503~Mes 2~2026,6abfb8b9d5621059c9b35f76099009e76096b5344449b539316b2e6c068553d0,cfb2ac6d-bfea-4aa3-8619-376f941065d8,2026-02-20T14:16:33.368Z,2026-02-25T12:15:27.580Z
FeduroJugazzo | TETRA | 200 ML | Sabores,Feduro,66367,AA285202,Mes 4,4,4.211538461538463,2026,FeduroJugazzo | TETRA | 200 ML | Sabores~Feduro~66367~AA285202~Mes 4~2026,5c87e453f5aa265bcad39905522a8a6f25a808a39eb5b73d0e7ced5d2dbfd9b1,cfb2ac6d-bfea-4aa3-8619-376f941065d8,2026-02-20T14:16:33.368Z,2026-02-25T12:15:27.580Z
RecinosPetit | LATA | 330 ML | Sabores,Recinos,66624,BA010932,Mes 10,10,6.5,2026,RecinosPetit | LATA | 330 ML | Sabores~Recinos~66624~BA010932~Mes 10~2026,04f56dcb0314cc01ea21838ecd954580c4fd69dcc778c39bc4f03cc10a3a6449,cfb2ac6d-bfea-4aa3-8619-376f941065d8,2026-02-20T14:16:33.368Z,2026-02-25T12:15:27.580Z
Embotelladora_La_MariposaJugazzo | TETRA | 500 ML | Sabores,Embotelladora_La_Mariposa,66328,AA851191,Mes 7,7,1.0820486714441413,2026,Embotelladora_La_MariposaJugazzo | TETRA | 500 ML | Sabores~Embotelladora_La_Mariposa~66328~AA851191~Mes 7~2026,3297e67809405fa26d9b5883bc43d367f563412aebf6990691c79c6e3b58f5ed,cfb2ac6d-bfea-4aa3-8619-376f941065d8,2026-02-20T14:16:33.368Z,2026-02-25T12:15:27.580Z
Embotelladora_La_ReynaPetit | TETRA | 200 ML | Sabores,Embotelladora_La_Reyna,66332,BA003863,Mes 10,10,0.6140859760357811,2026,Embotelladora_La_ReynaPetit | TETRA | 200 ML | Sabores~Embotelladora_La_Reyna~66332~BA003863~Mes 10~2026,8f540bd74dce5ba7d4491878dd2dc12ecadbe38a03dd1930a8d65176f98237d5,cfb2ac6d-bfea-4aa3-8619-376f941065d8,2026-02-20T14:16:33.368Z,2026-02-25T12:15:27.580Z
BreweriesTing | LATA | 333 ML | Toronja,Breweries,66309,AA577392,Mes 7,7,10.05,2026,BreweriesTing | LATA | 333 ML | Toronja~Breweries~66309~AA577392~Mes 7~2026,260a4d9a608413a741ead1c1756ef547f9a10d1ea3907f03f71397af6ddd1ea1,cfb2ac6d-bfea-4aa3-8619-376f941065d8,2026-02-20T14:16:33.368Z,2026-02-25T12:15:27.580Z
Embotelladora_La_ReynaIce Cool | PET | 500 ML | Sabores,Embotelladora_La_Reyna,66332,AA123110,Mes 5,5,4.031329461051635,2026,Embotelladora_La_ReynaIce Cool | PET | 500 ML | Sabores~Embotelladora_La_Reyna~66332~AA123110~Mes 5~2026,457ad4f76d88de29207d619645b12d55143ba97827843bae208d9e005a73291d,cfb2ac6d-bfea-4aa3-8619-376f941065d8,2026-02-20T14:16:33.368Z,2026-02-25T12:15:27.580Z
Embotelladora_La_NacionalSoda Ensa | PET | 500 ML | Mineral,Embotelladora_La_Nacional,2060890,AA020061,Mes 8,8,2.6806161570412144,2026,Embotelladora_La_NacionalSoda Ensa | PET | 500 ML | Mineral~Embotelladora_La_Nacional~2060890~AA020061~Mes 8~2026,9dd1d5aa2e4c18764616717bb1da2842995e1fce52db76111a8e68a7373c7dad,cfb2ac6d-bfea-4aa3-8619-376f941065d8,2026-02-20T14:16:33.368Z,2026-02-25T12:15:27.580Z
MaresPetit | TETRA | 1000 ML | Sabores,Mares,2060885,BA005451,Mes 2,2,1.2543502690610928,2026,MaresPetit | TETRA | 1000 ML | Sabores~Mares~2060885~BA005451~Mes 2~2026,2a073e39eaee98bc2b24547ed2288491caa0dccc31db386d9b47b6c0c6056580,cfb2ac6d-bfea-4aa3-8619-376f941065d8,2026-02-20T14:16:33.368Z,2026-02-25T12:15:27.580Z
ImpadoelFruta Fresca | TETRA | 200 ML | Six-Pack,Impadoel,2108340,BA011319,Mes 2,2,4.361775958149341,2026,ImpadoelFruta Fresca | TETRA | 200 ML | Six-Pack~Impadoel~2108340~BA011319~Mes 2~2026,4a56ce081fae2853f9aeaa52d7113f422ab407e53f1fa02758fa069e986ee1b7,cfb2ac6d-bfea-4aa3-8619-376f941065d8,2026-02-20T14:16:33.368Z,2026-02-25T12:15:27.580Z
ImpadoelFruta Fresca | TETRA | 200 ML | Six-Pack,Impadoel,2108340,BA011319,Mes 1,1,4.361775958149341,2026,ImpadoelFruta Fresca | TETRA | 200 ML | Six-Pack~Impadoel~2108340~BA011319~Mes 1~2026,09dcd12c085c60261f09f0e4300f215c38d0ac908c275907ca9c68f28b875a61,cfb2ac6d-bfea-4aa3-8619-376f941065d8,2026-02-20T14:16:33.368Z,2026-02-25T12:15:27.580Z
MaresCalifornia | LATA | 330 ML | Sabores,Mares,2060885,AA061079,Mes 10,10,0.9859036168374278,2026,MaresCalifornia | LATA | 330 ML | Sabores~Mares~2060885~AA061079~Mes 10~2026,fded38c09c794743085b1e81fe512830b345f6e3ce82a7976d71a72c3f9ea3fe,cfb2ac6d-bfea-4aa3-8619-376f941065d8,2026-02-20T14:16:33.368Z,2026-02-25T12:15:27.580Z
Industrias_SulaPetit | LATA | 330 ML | Sabores,Industrias_Sula,66825,BA007799,Mes 12,12,6.229999999999997,2026,Industrias_SulaPetit | LATA | 330 ML | Sabores~Industrias_Sula~66825~BA007799~Mes 12~2026,7bf8533888e6aa9154bfe1248cba6cc949c127623dc66324144daeddeb5e3b31,cfb2ac6d-bfea-4aa3-8619-376f941065d8,2026-02-20T14:16:33.368Z,2026-02-25T12:15:27.580Z
C.E.L._DistributorsD&G | PET | 591 ML | Sabores,C.E.L._Distributors,66402,AA583600,Mes 1,1,9.75,2026,C.E.L._DistributorsD&G | PET | 591 ML | Sabores~C.E.L._Distributors~66402~AA583600~Mes 1~2026,c0cce658566907bb3d48ec3d4d1c7a7878d8ea0bd0a61570a89684e3af57241e,cfb2ac6d-bfea-4aa3-8619-376f941065d8,2026-02-20T14:16:33.368Z,2026-02-25T12:15:27.580Z
Embotelladora_La_ReynaIce Cool | PET | 500 ML | Sabores,Embotelladora_La_Reyna,66332,AA123110,Mes 2,2,4.031329461051635,2026,Embotelladora_La_ReynaIce Cool | PET | 500 ML | Sabores~Embotelladora_La_Reyna~66332~AA123110~Mes 2~2026,5a96d6a411b335ab87311f48b977e844279e7a0dff9a6c69d2bb181e725bf1c5,cfb2ac6d-bfea-4aa3-8619-376f941065d8,2026-02-20T14:16:33.368Z,2026-02-25T12:15:27.580Z
The_TesaliaGüitig | PET | 500 ML | Mineral,The_Tesalia,30001,BA000009,Mes 9,9,3.1576507199566155,2026,The_TesaliaGüitig | PET | 500 ML | Mineral~The_Tesalia~30001~BA000009~Mes 9~2026,282603f95803415f5f5d3b783ebb3c5a0b96ba0c3102948f08cc1e7fa1b4df34,cfb2ac6d-bfea-4aa3-8619-376f941065d8,2026-02-20T14:16:33.368Z,2026-02-25T12:15:27.580Z
Embotelladora_La_NacionalSoda Ensa | PET | 355 ML | Sabores,Embotelladora_La_Nacional,2060890,BA006324,Mes 7,7,2.2876247078464105,2026,Embotelladora_La_NacionalSoda Ensa | PET | 355 ML | Sabores~Embotelladora_La_Nacional~2060890~BA006324~Mes 7~2026,8277ec7798fbcbb9c212989baaec82e3720767863c64bb8d01bcffe5eb11fb48,cfb2ac6d-bfea-4aa3-8619-376f941065d8,2026-02-20T14:16:33.368Z,2026-02-25T12:15:27.580Z
Embotelladora_La_MariposaSalutaris | PET | 2000 ML | Mineral,Embotelladora_La_Mariposa,66328,AA007005,Mes 11,11,2.237052532388531,2026,Embotelladora_La_MariposaSalutaris | PET | 2000 ML | Mineral~Embotelladora_La_Mariposa~66328~AA007005~Mes 11~2026,76d5dc3a9decbeaf6aa3f3ed5d7858215034d68b5d0220834a568bd93c72fa22,cfb2ac6d-bfea-4aa3-8619-376f941065d8,2026-02-20T14:16:33.368Z,2026-02-25T12:15:27.580Z
Embotelladora_La_MariposaJugazzo | TETRA | 500 ML | Sabores,Embotelladora_La_Mariposa,66328,AA851191,Mes 6,6,1.0820486714441413,2026,Embotelladora_La_MariposaJugazzo | TETRA | 500 ML | Sabores~Embotelladora_La_Mariposa~66328~AA851191~Mes 6~2026,747f6615f0e9f9c2225b4f74e6ab811e37d4049ae2ba68e52c99d44711b6fdb9,cfb2ac6d-bfea-4aa3-8619-376f941065d8,2026-02-20T14:16:33.368Z,2026-02-25T12:15:27.580Z
ImpadoelSalutaris | LATA | 355 ML | Sabores,Impadoel,2108340,BA011261,Mes 5,5,6.650322010408297,2026,ImpadoelSalutaris | LATA | 355 ML | Sabores~Impadoel~2108340~BA011261~Mes 5~2026,7b4dc1bead96f7368bf1df52c95fca34c3d0b749f289b6c7368e105c3d80b921,cfb2ac6d-bfea-4aa3-8619-376f941065d8,2026-02-20T14:16:33.368Z,2026-02-25T12:15:27.580Z
Embotelladora_La_MariposaAqua | PET | 500 ML | Agua,Embotelladora_La_Mariposa,66328,AA034050,Mes 6,6,1.0188842047522308,2026,Embotelladora_La_MariposaAqua | PET | 500 ML | Agua~Embotelladora_La_Mariposa~66328~AA034050~Mes 6~2026,77fcd4be95fb422b29c596ba7de3c44a4b43e7723a4ba7ee195059c2d346ff5e,cfb2ac6d-bfea-4aa3-8619-376f941065d8,2026-02-20T14:16:33.368Z,2026-02-25T12:15:27.580Z
The_TesaliaManzana | PET | 3785 ML | Sabores,The_Tesalia,30001,BA000798,Mes 2,2,1.085089645377793,2026,The_TesaliaManzana | PET | 3785 ML | Sabores~The_Tesalia~30001~BA000798~Mes 2~2026,c558e2855ea18a61ce85d6a2336666ac3d7abcacae667f7953ce9aac268b1eb3,cfb2ac6d-bfea-4aa3-8619-376f941065d8,2026-02-20T14:16:33.368Z,2026-02-25T12:15:27.580Z
C.E.L._DistributorsTing | PET | 591 ML | Sabores,C.E.L._Distributors,66402,AA583392,Mes 1,1,10.5,2026,C.E.L._DistributorsTing | PET | 591 ML | Sabores~C.E.L._Distributors~66402~AA583392~Mes 1~2026,fa168faefb74a81867ed0f657ed580f320feda5dd1e7f17825e70cdc4f794d68,cfb2ac6d-bfea-4aa3-8619-376f941065d8,2026-02-20T14:16:33.368Z,2026-02-25T12:15:27.580Z
The_TesaliaPure water | PRB | 20000 ML | Agua,The_Tesalia,30001,BA001813,Mes 11,11,0.337227444534483,2026,The_TesaliaPure water | PRB | 20000 ML | Agua~The_Tesalia~30001~BA001813~Mes 11~2026,1e5e82f45fd9bcfc753c11170f11d313e716444d52e609c8a2e91545bd201f0c,cfb2ac6d-bfea-4aa3-8619-376f941065d8,2026-02-20T14:16:33.368Z,2026-02-25T12:15:27.580Z
MaresGrapette | PET | 3000 ML | Uva,Mares,2060885,AA109006,Mes 8,8,1.8820000000000001,2026,MaresGrapette | PET | 3000 ML | Uva~Mares~2060885~AA109006~Mes 8~2026,6485dc78e177006accac8e8cd3948d902c2ea79a10e1a5faa134742a5cd36fb5,cfb2ac6d-bfea-4aa3-8619-376f941065d8,2026-02-20T14:16:33.368Z,2026-02-25T12:15:27.580Z
Industrias_SulaPetit | LATA | 330 ML | Sabores,Industrias_Sula,66825,BA007806,Mes 3,3,6.229999999999997,2026,Industrias_SulaPetit | LATA | 330 ML | Sabores~Industrias_Sula~66825~BA007806~Mes 3~2026,35ce233d41969e07ba9c83c6b1258356e7aa177000b7ac3be4310a76e286d390,cfb2ac6d-bfea-4aa3-8619-376f941065d8,2026-02-20T14:16:33.368Z,2026-02-25T12:15:27.580Z
FeduroJugazzo | LATA | 330 ML | Sabores,Feduro,66367,AA291191,Mes 7,7,8.119809394145678,2026,FeduroJugazzo | LATA | 330 ML | Sabores~Feduro~66367~AA291191~Mes 7~2026,e459b844eeb5d3cf5c5c815256f8b8c0ca2debab2061b6072be2faece4d4bceb,cfb2ac6d-bfea-4aa3-8619-376f941065d8,2026-02-20T14:16:33.368Z,2026-02-25T12:15:27.580Z
Embotelladora_La_MariposaJugazzo | TETRA | 500 ML | Sabores,Embotelladora_La_Mariposa,66328,AA851190,Mes 7,7,1.0820486714441413,2026,Embotelladora_La_MariposaJugazzo | TETRA | 500 ML | Sabores~Embotelladora_La_Mariposa~66328~AA851190~Mes 7~2026,f6e03fe03af21b22fde32f69f2cb9553d1a6bc36a0ea843f13c7db3de749798d,cfb2ac6d-bfea-4aa3-8619-376f941065d8,2026-02-20T14:16:33.368Z,2026-02-25T12:15:27.580Z
Industrias_SulaPetit | LATA | 330 ML | Sabores,Industrias_Sula,66825,BA007799,Mes 8,8,6.229999999999997,2026,Industrias_SulaPetit | LATA | 330 ML | Sabores~Industrias_Sula~66825~BA007799~Mes 8~2026,05b574976d2613bb518a9ab1077c7115245885f3c257aad9d38654ca6f2abe9a,cfb2ac6d-bfea-4aa3-8619-376f941065d8,2026-02-20T14:16:33.368Z,2026-02-25T12:15:27.580Z
MaresPetit Fresh | PET | 355 ML | Sabores,Mares,2060885,BA018274,Mes 7,7,0.8340912524886696,2026,MaresPetit Fresh | PET | 355 ML | Sabores~Mares~2060885~BA018274~Mes 7~2026,3d666ee847711855a426a97d2e4d17b0436d9fd93d55f575bb99e2ec1eb1df94,cfb2ac6d-bfea-4aa3-8619-376f941065d8,2026-02-20T14:16:33.368Z,2026-02-25T12:15:27.580Z
The_TesaliaManzana | BIB | 355 ML | Sabores,The_Tesalia,30001,BA005212,Mes 1,1,0.6500000000000002,2026,The_TesaliaManzana | BIB | 355 ML | Sabores~The_Tesalia~30001~BA005212~Mes 1~2026,24ab97ab3da6f49e02d8ee5a2d28009fac9539e7dec9a80b502eabf77222f99e,cfb2ac6d-bfea-4aa3-8619-376f941065d8,2026-02-20T14:16:33.368Z,2026-02-25T12:15:27.580Z
MaresCalifornia | LATA | 330 ML | Sabores,Mares,2060885,AA061079,Mes 11,11,0.9859036168374278,2026,MaresCalifornia | LATA | 330 ML | Sabores~Mares~2060885~AA061079~Mes 11~2026,0be0ca1d9088a920a8177016623b9a0a35daa6b24fc126b45a8849bbd4991615,cfb2ac6d-bfea-4aa3-8619-376f941065d8,2026-02-20T14:16:33.368Z,2026-02-25T12:15:27.580Z
The_TesaliaGüitig | PET | 500 ML | Mineral,The_Tesalia,30001,BA000009,Mes 8,8,3.1576507199566155,2026,The_TesaliaGüitig | PET | 500 ML | Mineral~The_Tesalia~30001~BA000009~Mes 8~2026,f03bfa60253ba9fb0f41e40050fd20d4e68e677ba0291bcc9176910a053e1bf9,cfb2ac6d-bfea-4aa3-8619-376f941065d8,2026-02-20T14:16:33.368Z,2026-02-25T12:15:27.580Z
The_TesaliaGallito | PET | 3785 ML | Sabores,The_Tesalia,30001,BA005715,Mes 4,4,1.0555230046835893,2026,The_TesaliaGallito | PET | 3785 ML | Sabores~The_Tesalia~30001~BA005715~Mes 4~2026,f109584ee850bd04488a8304df338c0d10b6f3733c196906af04f9fe7a239e42,cfb2ac6d-bfea-4aa3-8619-376f941065d8,2026-02-20T14:16:33.368Z,2026-02-25T12:15:27.580Z
MaresSalutaris | LATA | 355 ML | Sabores,Mares,2060885,BA006916,Mes 10,10,3.2033169599924194,2026,MaresSalutaris | LATA | 355 ML | Sabores~Mares~2060885~BA006916~Mes 10~2026,4300fb41dcc0a5157e01fe0c9fd444d98ba6cd4db9116c9235cc8919df599c1f,cfb2ac6d-bfea-4aa3-8619-376f941065d8,2026-02-20T14:16:33.368Z,2026-02-25T12:15:27.580Z
The_TesaliaPure Water | PET | 3780 ML | Agua,The_Tesalia,30001,BA000774,Mes 6,6,0.5426855086698338,2026,The_TesaliaPure Water | PET | 3780 ML | Agua~The_Tesalia~30001~BA000774~Mes 6~2026,0887b58aadce4777e6f4152e673fecf45f34c3d0f5ce505af77d9d9f4271b561,cfb2ac6d-bfea-4aa3-8619-376f941065d8,2026-02-20T14:16:33.368Z,2026-02-25T12:15:27.580Z
Embotelladora_La_NacionalSoda Ensa | PET | 500 ML | Sabores,Embotelladora_La_Nacional,2060890,BA004316,Mes 8,8,3.0470494578363048,2026,Embotelladora_La_NacionalSoda Ensa | PET | 500 ML | Sabores~Embotelladora_La_Nacional~2060890~BA004316~Mes 8~2026,df5f642e2e74b258036a316083464769bb4a6c1221be4b136f13fdd3058a05e6,cfb2ac6d-bfea-4aa3-8619-376f941065d8,2026-02-20T14:16:33.368Z,2026-02-25T12:15:27.580Z
CorripioSalutaris | LATA | 355 ML | Sabores,Corripio,66274,BA011263,Mes 4,4,8.264054091020261,2026,CorripioSalutaris | LATA | 355 ML | Sabores~Corripio~66274~BA011263~Mes 4~2026,aa7962083d6179314aa6ea7ef90a138d7a552a0a2a7018df8a4c37b93fc43bbc,cfb2ac6d-bfea-4aa3-8619-376f941065d8,2026-02-20T14:16:33.368Z,2026-02-25T12:15:27.580Z
The_TesaliaQuintuples | PET | 3785 ML | Sabores,The_Tesalia,30001,BA005702,Mes 2,2,1.1267858866341924,2026,The_TesaliaQuintuples | PET | 3785 ML | Sabores~The_Tesalia~30001~BA005702~Mes 2~2026,cf7a58443fa499433956706c19e155d3fc52c8b843c0e84e97781aaf0a813048,cfb2ac6d-bfea-4aa3-8619-376f941065d8,2026-02-20T14:16:33.368Z,2026-02-25T12:15:27.580Z
Embotelladora_La_NacionalSoda Ensa | GRB | 355 ML | Mineral,Embotelladora_La_Nacional,2060890,AA001061,Mes 6,6,1.9047310240553468,2026,Embotelladora_La_NacionalSoda Ensa | GRB | 355 ML | Mineral~Embotelladora_La_Nacional~2060890~AA001061~Mes 6~2026,76ba6f8285790f516496be54096732886c0b71693ba3385334b8c32d7193df77,cfb2ac6d-bfea-4aa3-8619-376f941065d8,2026-02-20T14:16:33.368Z,2026-02-25T12:15:27.580Z
The_TesaliaTropical | PET | 2000 ML | Fresa,The_Tesalia,30001,BA000784,Mes 5,5,1.669058246878527,2026,The_TesaliaTropical | PET | 2000 ML | Fresa~The_Tesalia~30001~BA000784~Mes 5~2026,c1cbbd2838ab2d577f242d9c9b326ba39db95186327b979b7e6665e9f59a38ee,cfb2ac6d-bfea-4aa3-8619-376f941065d8,2026-02-20T14:16:33.368Z,2026-02-25T12:15:27.580Z
The_TesaliaTesalia Ice | PET | 2000 ML | Sabores,The_Tesalia,30001,BA000230,Mes 10,10,1.666551284671863,2026,The_TesaliaTesalia Ice | PET | 2000 ML | Sabores~The_Tesalia~30001~BA000230~Mes 10~2026,905eb447043b3276ef591ea8646fcc9964927ad300ea53e3dc26e18520687ca2,cfb2ac6d-bfea-4aa3-8619-376f941065d8,2026-02-20T14:16:33.368Z,2026-02-25T12:15:27.580Z
The_TesaliaQuintuples | PET | 3785 ML | Sabores,The_Tesalia,30001,BA005703,Mes 12,12,1.1267858866341924,2026,The_TesaliaQuintuples | PET | 3785 ML | Sabores~The_Tesalia~30001~BA005703~Mes 12~2026,072a598f437391ca1f3668ce53fb7be43bd33a3b3e6c7d2e8cddc1494fdf9b9b,cfb2ac6d-bfea-4aa3-8619-376f941065d8,2026-02-20T14:16:33.368Z,2026-02-25T12:15:27.580Z
The_TesaliaGüitig | PET | 3000 ML | Mineral,The_Tesalia,30001,BA000073,Mes 11,11,2.47452789181885,2026,The_TesaliaGüitig | PET | 3000 ML | Mineral~The_Tesalia~30001~BA000073~Mes 11~2026,0e149f57829cfad234956146f7735ec839916efb2c1709b40b847a4ee1042e1b,cfb2ac6d-bfea-4aa3-8619-376f941065d8,2026-02-20T14:16:33.368Z,2026-02-25T12:15:27.580Z
The_TesaliaPure Water | GRB | 300 ML | Agua,The_Tesalia,30001,BA017413,Mes 7,7,0.8235740802898861,2026,The_TesaliaPure Water | GRB | 300 ML | Agua~The_Tesalia~30001~BA017413~Mes 7~2026,7c68c837b3ab4332ca2b5c1423234dbeba20b29a50bb304593781581a4e2b52c,cfb2ac6d-bfea-4aa3-8619-376f941065d8,2026-02-20T14:16:33.368Z,2026-02-25T12:15:27.580Z
Pepsicola_JamaicaCrystal Punch | PET | 1250 ML | Agua,Pepsicola_Jamaica,30002,BA003158,Mes 1,1,1.1244008227167024,2026,Pepsicola_JamaicaCrystal Punch | PET | 1250 ML | Agua~Pepsicola_Jamaica~30002~BA003158~Mes 1~2026,66c540a036cb6f4bbf5fca109159326a123ff6d7e65a9f3bef994261ab566697,cfb2ac6d-bfea-4aa3-8619-376f941065d8,2026-02-20T14:16:33.368Z,2026-02-25T12:15:27.580Z
CorripioSalutaris | LATA | 355 ML | Sabores,Corripio,66274,BA011261,Mes 5,5,8.264054091020261,2026,CorripioSalutaris | LATA | 355 ML | Sabores~Corripio~66274~BA011261~Mes 5~2026,67fb47a9a4fc8aa147f5d0dae174dd50424f3966bf48f2a904ebc1540d12bfb2,cfb2ac6d-bfea-4aa3-8619-376f941065d8,2026-02-20T14:16:33.368Z,2026-02-25T12:15:27.580Z
The_TesaliaTropical | PET | 2000 ML | Fresa,The_Tesalia,30001,BA000784,Mes 8,8,1.669058246878527,2026,The_TesaliaTropical | PET | 2000 ML | Fresa~The_Tesalia~30001~BA000784~Mes 8~2026,361673762b5f029723f8be81cf5c8d5024c4b8c2997e759c0670828d4adc88e1,cfb2ac6d-bfea-4aa3-8619-376f941065d8,2026-02-20T14:16:33.368Z,2026-02-25T12:15:27.580Z
CorripioPetit | TETRA | 200 ML | Sabores,Corripio,66274,BA004887,Mes 12,12,4.470876629915306,2026,CorripioPetit | TETRA | 200 ML | Sabores~Corripio~66274~BA004887~Mes 12~2026,d4aed0b43b52931c53a51b18f53d4d4f21ea13098120ca7c717dd95d5c1f27ce,cfb2ac6d-bfea-4aa3-8619-376f941065d8,2026-02-20T14:16:33.368Z,2026-02-25T12:15:27.580Z
BreweriesTing | PET | 591 ML | Toronja,Breweries,66309,AA761392,Mes 1,1,12,2026,BreweriesTing | PET | 591 ML | Toronja~Breweries~66309~AA761392~Mes 1~2026,4f445b74143320efb1fb55b9eaf77ae39f422a0fee724d6d233590bc87ab5d35,cfb2ac6d-bfea-4aa3-8619-376f941065d8,2026-02-20T14:16:33.368Z,2026-02-25T12:15:27.580Z
TransmundiJugazzo | LATA | 330 ML | Sabores,Transmundi,2067820,AA251190,Mes 11,11,6.458065642194237,2026,TransmundiJugazzo | LATA | 330 ML | Sabores~Transmundi~2067820~AA251190~Mes 11~2026,7777daa025af0e62a75ed9e3bbe2d29bb1e66aee4aedb7dd89812064dfb604b6,cfb2ac6d-bfea-4aa3-8619-376f941065d8,2026-02-20T14:16:33.368Z,2026-02-25T12:15:27.580Z
TicoOld Jamaica | LATA | 330 ML | Ginger,Tico,66320,AA577601,Mes 3,3,10.05,2026,TicoOld Jamaica | LATA | 330 ML | Ginger~Tico~66320~AA577601~Mes 3~2026,3389770f6bc79e9fcd340c99a5093842e799ac34e8f8fd1987413adb20ceb936,cfb2ac6d-bfea-4aa3-8619-376f941065d8,2026-02-20T14:16:33.368Z,2026-02-25T12:15:27.580Z
Embotelladora_La_MariposaSalutaris | PET | 600 ML | Mineral,Embotelladora_La_Mariposa,66328,AA041005,Mes 5,5,3.7050106412800288,2026,Embotelladora_La_MariposaSalutaris | PET | 600 ML | Mineral~Embotelladora_La_Mariposa~66328~AA041005~Mes 5~2026,ca961e2ee436bf15723a72507b58358cfb804ae1fdb3a2c27d2bd3e1f1d2f379,cfb2ac6d-bfea-4aa3-8619-376f941065d8,2026-02-20T14:16:33.368Z,2026-02-25T12:15:27.580Z
RecinosPetit | LATA | 330 ML | Sabores,Recinos,66624,BA007799,Mes 11,11,6.5,2026,RecinosPetit | LATA | 330 ML | Sabores~Recinos~66624~BA007799~Mes 11~2026,dfc85872612281955c3a49cb561a55c016ebcee6b6fbfb31a4e3db9b595776c4,cfb2ac6d-bfea-4aa3-8619-376f941065d8,2026-02-20T14:16:33.368Z,2026-02-25T12:15:27.580Z
Embotelladora_La_ReynaAqua | PET | 500 ML | Agua,Embotelladora_La_Reyna,66332,AA034050,Mes 4,4,0.9824813830739949,2026,Embotelladora_La_ReynaAqua | PET | 500 ML | Agua~Embotelladora_La_Reyna~66332~AA034050~Mes 4~2026,964a88289004bd9d7849b90f7600535f18e40c84761d4f56c18ba6405ece303c,cfb2ac6d-bfea-4aa3-8619-376f941065d8,2026-02-20T14:16:33.368Z,2026-02-25T12:15:27.580Z
The_TesaliaGallito | GRB | 355 ML | Sabores,The_Tesalia,30001,BA017077,Mes 7,7,0.9912282619834824,2026,The_TesaliaGallito | GRB | 355 ML | Sabores~The_Tesalia~30001~BA017077~Mes 7~2026,b735a38f9b1fdbaed800cfa364cdfc1bec0b0aba480def1a9577fc1aa7513c2f,cfb2ac6d-bfea-4aa3-8619-376f941065d8,2026-02-20T14:16:33.368Z,2026-02-25T12:15:27.580Z
Embotelladora_La_MariposaSalutaris | LATA | 355 ML | Sabores,Embotelladora_La_Mariposa,66328,AA004155,Mes 3,3,3.3801207955429375,2026,Embotelladora_La_MariposaSalutaris | LATA | 355 ML | Sabores~Embotelladora_La_Mariposa~66328~AA004155~Mes 3~2026,9483549ed66c8067167ac826fea0c4cbfc0de72926a24f3e66586e2fdec2a269,cfb2ac6d-bfea-4aa3-8619-376f941065d8,2026-02-20T14:16:33.368Z,2026-02-25T12:15:27.580Z
CorripioPetit | LATA | 330 ML | Sabores,Corripio,66274,BA010951,Mes 3,3,7.7216528088712275,2026,CorripioPetit | LATA | 330 ML | Sabores~Corripio~66274~BA010951~Mes 3~2026,2673b016b9e457acc88f4c1a11b613fbc40c4b8e47917db92b5bca972964c9bc,cfb2ac6d-bfea-4aa3-8619-376f941065d8,2026-02-20T14:16:33.368Z,2026-02-25T12:15:27.580Z
